Date,title,category,account,amount,currency,type,transfer-amount,transfer-currency,to-account,receive-amount,receive-currency,description,due-date
11-08-24,Karthik,Bills & Fees,Savings Bank,45,INR,EXPENSE,,,,,,,
10-08-24,Juice,Food & Drinks,Cash,40,INR,EXPENSE,,,,,,,
09-08-24,Tire,Transport,Cash,10,INR,EXPENSE,,,,,,,
07-08-24,Baba,Bills & Fees,Savings Bank,200,INR,EXPENSE,,,,,,,
04-08-24,Reward,Bills & Fees,Salary Bank,4,INR,INCOME,,,,,,,
04-08-24,Baba,Bills & Fees,Savings Bank,500,INR,EXPENSE,,,,,,,
02-08-24,Grocery,Bills & Fees,Salary Bank,30,INR,EXPENSE,,,,,,,
02-08-24,Petrol,Transport,Savings Bank,100,INR,EXPENSE,,,,,,,
02-08-24,Adjust balance,,Cash,74,INR,EXPENSE,,,,,,,
02-08-24,Adjust balance,,Savings Bank,102,INR,EXPENSE,,,,,,,
01-08-24,Haircut,Bills & Fees,Savings Bank,152,INR,EXPENSE,,,,,,,
01-08-24,Baba,Bills & Fees,Savings Bank,500,INR,EXPENSE,,,,,,,
31-07-24,Print,Bills & Fees,Savings Bank,22,INR,EXPENSE,,,,,,,
31-07-24,License,Bills & Fees,Savings Bank,300,INR,EXPENSE,,,,,,,
26-07-24,Noodles,Food & Drinks,Savings Bank,70,INR,EXPENSE,,,,,,,
20-07-24,Adjust balance,,Savings Bank,0,INR,INCOME,,,,,,,
20-07-24,Breakfast,Food & Drinks,Cash,30,INR,EXPENSE,,,,,,,
20-07-24,Maa,Bills & Fees,Cash,50,INR,EXPENSE,,,,,,,
15-07-24,Adjust balance,,Cash,3,INR,EXPENSE,,,,,,,
15-07-24,Rent,Bills & Fees,Savings Bank,"3,800.00",INR,EXPENSE,,,,,,,
14-07-24,Grocery,Bills & Fees,Cash,171,INR,EXPENSE,,,,,,,
14-07-24,Grocery,Bills & Fees,Cash,90,INR,EXPENSE,,,,,,,
12-07-24,Adjust balance,,Salary Bank,41,INR,INCOME,,,,,,,
12-07-24,Baba,Bills & Fees,Savings Bank,300,INR,EXPENSE,,,,,,,
12-07-24,Adjust balance,,Cash,50,INR,EXPENSE,,,,,,,
12-07-24,,,Savings Bank,50,INR,EXPENSE,,,,,,,
10-07-24,Maa,Bills & Fees,Cash,50,INR,EXPENSE,,,,,,,
10-07-24,Breakfast,Food & Drinks,Cash,30,INR,EXPENSE,,,,,,,
07-07-24,Breakfast,Food & Drinks,Salary Bank,30,INR,EXPENSE,,,,,,,
03-07-24,Netflix,Bills & Fees,Savings Bank,199,INR,EXPENSE,,,,,,,
03-07-24,Baba,Bills & Fees,Savings Bank,200,INR,EXPENSE,,,,,,,
02-07-24,Lunch,Food & Drinks,Cash,120,INR,EXPENSE,,,,,,,
01-07-24,Baba,Bills & Fees,Savings Bank,500,INR,EXPENSE,,,,,,,
01-07-24,Recharge,Bills & Fees,Savings Bank,259,INR,EXPENSE,,,,,,,
01-07-24,Printouts,Bills & Fees,Salary Bank,13,INR,EXPENSE,,,,,,,
01-07-24,Printouts,Bills & Fees,Cash,42,INR,EXPENSE,,,,,,,
30-06-24,Biryani üçö,Food & Drinks,Savings Bank,520,INR,EXPENSE,,,,,,,
30-06-24,Breakfast,Food & Drinks,Salary Bank,60,INR,EXPENSE,,,,,,,
30-06-24,Baba,Bills & Fees,Savings Bank,"2,000.00",INR,EXPENSE,,,,,,,
30-06-24,Adjust balance,,Savings Bank,71,INR,INCOME,,,,,,,
29-06-24,Juice,Food & Drinks,Cash,20,INR,EXPENSE,,,,,,,
29-06-24,Cab,Transport,Cash,180,INR,EXPENSE,,,,,,,
29-06-24,Snacks,Food & Drinks,Cash,30,INR,EXPENSE,,,,,,,
29-06-24,Chai,Food & Drinks,Cash,20,INR,EXPENSE,,,,,,,
29-06-24,Recharge,Bills & Fees,Savings Bank,266.9,INR,EXPENSE,,,,,,,
28-06-24,Curd,Food & Drinks,Cash,25,INR,EXPENSE,,,,,,,
28-06-24,Adjust balance,,Cash,30,INR,EXPENSE,,,,,,,
28-06-24,Tea,Food & Drinks,Cash,10,INR,EXPENSE,,,,,,,
28-06-24,Water,Food & Drinks,Cash,10,INR,EXPENSE,,,,,,,
28-06-24,Adjust balance,,Cash,358,INR,EXPENSE,,,,,,,
27-06-24,Water,Food & Drinks,Cash,40,INR,EXPENSE,,,,,,,
27-06-24,Bus,Transport,Cash,20,INR,EXPENSE,,,,,,,
27-06-24,Metro,Transport,Cash,20,INR,EXPENSE,,,,,,,
27-06-24,Haldiram,Food & Drinks,Cash,207,INR,EXPENSE,,,,,,,
27-06-24,Tickets victoria,Bills & Fees,Cash,100,INR,EXPENSE,,,,,,,
27-06-24,Lunch,Food & Drinks,Cash,95,INR,EXPENSE,,,,,,,
27-06-24,Ferry,Transport,Cash,50,INR,EXPENSE,,,,,,,
27-06-24,Baba,Bills & Fees,Cash,500,INR,EXPENSE,,,,,,,
27-06-24,Museum,Bills & Fees,Savings Bank,150,INR,EXPENSE,,,,,,,
27-06-24,Bus,Transport,Cash,20,INR,EXPENSE,,,,,,,
27-06-24,Metro,Transport,Salary Bank,10,INR,EXPENSE,,,,,,,
27-06-24,Grocery,Bills & Fees,Cash,200,INR,EXPENSE,,,,,,,
27-06-24,Withdraw,Bills & Fees,Salary Bank,0,INR,TRANSFER,"2,500.00",INR,Cash,"2,500.00",INR,,
26-06-24,Cab,Transport,Salary Bank,200,INR,EXPENSE,,,,,,,
26-06-24,Train,Transport,Salary Bank,20,INR,EXPENSE,,,,,,,
24-06-24,Tickets,Bills & Fees,Salary Bank,20,INR,EXPENSE,,,,,,,
23-06-24,Maa stuff,Bills & Fees,Salary Bank,240,INR,EXPENSE,,,,,,,
23-06-24,Toto,Transport,Salary Bank,20,INR,EXPENSE,,,,,,,
23-06-24,Snacks,Food & Drinks,Salary Bank,70,INR,EXPENSE,,,,,,,
23-06-24,Adjust balance,,Salary Bank,102,INR,EXPENSE,,,,,,,
23-06-24,Snacks,Food & Drinks,Salary Bank,44,INR,EXPENSE,,,,,,,
23-06-24,Shaka pola,Bills & Fees,Salary Bank,600,INR,EXPENSE,,,,,,,
21-06-24,Tickets,Transport,Salary Bank,40,INR,EXPENSE,,,,,,,
20-06-24,Adjust balance,,Salary Bank,60,INR,EXPENSE,,,,,,,
20-06-24,Lunch,Food & Drinks,Salary Bank,20,INR,EXPENSE,,,,,,,
20-06-24,Recharge,Bills & Fees,Salary Bank,259,INR,EXPENSE,,,,,,,
19-06-24,Shave,Bills & Fees,Salary Bank,20,INR,EXPENSE,,,,,,,
17-06-24,Water,Food & Drinks,Cash,20,INR,EXPENSE,,,,,,,
17-06-24,Tickets,Transport,Cash,260,INR,EXPENSE,,,,,,,
17-06-24,Water,Food & Drinks,Cash,20,INR,EXPENSE,,,,,,,
17-06-24,Ticket Refund,Bills & Fees,Salary Bank,"1,570.72",INR,INCOME,,,,,,,
17-06-24,Lunch,Food & Drinks,Salary Bank,250,INR,EXPENSE,,,,,,,
17-06-24,Adjust balance,,Cash,120,INR,EXPENSE,,,,,,,
16-06-24,Baba,Bills & Fees,Cash,500,INR,EXPENSE,,,,,,,
16-06-24,Cab,Transport,Salary Bank,170,INR,EXPENSE,,,,,,,
16-06-24,Snacks,Food & Drinks,Salary Bank,200,INR,EXPENSE,,,,,,,
16-06-24,Chotu,Bills & Fees,Cash,500,INR,EXPENSE,,,,,,,
16-06-24,Withdraw,Bills & Fees,Salary Bank,0,INR,TRANSFER,"1,500.00",INR,Cash,"1,500.00",INR,,
16-06-24,Tickets,Bills & Fees,Salary Bank,"1,702.70",INR,EXPENSE,,,,,,,
15-06-24,Baba,Bills & Fees,Salary Bank,500,INR,EXPENSE,,,,,,,
14-06-24,Petrol,Transport,Cash,100,INR,EXPENSE,,,,,,,
14-06-24,Sriya payback,Bills & Fees,Cash,100,INR,INCOME,,,,,,,
14-06-24,Petrol,Transport,Salary Bank,100,INR,EXPENSE,,,,,,,
13-06-24,Snacks,Food & Drinks,Salary Bank,208.5,INR,EXPENSE,,,,,,,
13-06-24,Petrol,Transport,Salary Bank,200,INR,EXPENSE,,,,,,,
11-06-24,Chips,Food & Drinks,Salary Bank,10,INR,EXPENSE,,,,,,,
10-06-24,Breakfast,Food & Drinks,Salary Bank,30,INR,EXPENSE,,,,,,,
09-06-24,Petrol,Transport,Salary Bank,200,INR,EXPENSE,,,,,,,
09-06-24,Clothes,Bills & Fees,Salary Bank,799,INR,EXPENSE,,,,,,,
09-06-24,Snacks,Food & Drinks,Salary Bank,198.88,INR,EXPENSE,,,,,,,
07-06-24,Baba,Bills & Fees,Salary Bank,500,INR,EXPENSE,,,,,,,
07-06-24,Snacks,Food & Drinks,Salary Bank,90,INR,EXPENSE,,,,,,,
07-06-24,Sriya,Bills & Fees,Salary Bank,100,INR,EXPENSE,,,,,,,
07-06-24,Petrol,Transport,Salary Bank,100,INR,EXPENSE,,,,,,,
07-06-24,Karthik payback,Bills & Fees,Salary Bank,200,INR,INCOME,,,,,,,
07-06-24,Karthik payback,Bills & Fees,Cash,100,INR,INCOME,,,,,,,
05-06-24,Grocery,Bills & Fees,Salary Bank,175,INR,EXPENSE,,,,,,,
05-06-24,Netflix,Bills & Fees,Savings Bank,200,INR,EXPENSE,,,,,,,
05-06-24,Settlement,Bills & Fees,Salary Bank,0,INR,TRANSFER,"2,175.00",INR,Savings Bank,"2,175.00",INR,,
05-06-24,Salary,Bills & Fees,Salary Bank,"11,688.00",INR,INCOME,,,,,,,
05-06-24,Snacks,Food & Drinks,Salary Bank,30,INR,EXPENSE,,,,,,,
05-06-24,Adjust balance,,Cash,67,INR,EXPENSE,,,,,,,
05-06-24,Chotu,Bills & Fees,Savings Bank,155,INR,EXPENSE,,,,,,,
05-06-24,Adjust balance,,Salary Bank,10,INR,EXPENSE,,,,,,,
05-06-24,Netflix,Bills & Fees,Salary Bank,199,INR,EXPENSE,,,,,,,
05-06-24,Netflix,Bills & Fees,Salary Bank,200,INR,INCOME,,,,,,,
05-06-24,,Bills & Fees,Salary Bank,70,INR,INCOME,,,,,,,
04-06-24,Baba,Bills & Fees,Salary Bank,200,INR,EXPENSE,,,,,,,
03-06-24,Snacks,Food & Drinks,Cash,90,INR,EXPENSE,,,,,,,
03-06-24,Goje,Bills & Fees,Savings Bank,300,INR,EXPENSE,,,,,,,
03-06-24,Petrol,Transport,Salary Bank,100,INR,EXPENSE,,,,,,,
31-05-24,Biryani üçö,Food & Drinks,Savings Bank,520,INR,EXPENSE,,,,,,,
31-05-24,Adjust balance,,Salary Bank,54,INR,EXPENSE,,,,,,,
31-05-24,Juice,Food & Drinks,Salary Bank,30,INR,EXPENSE,,,,,,,
31-05-24,Petrol,Transport,Salary Bank,100,INR,EXPENSE,,,,,,,
31-05-24,Smthng,Bills & Fees,Cash,10,INR,EXPENSE,,,,,,,
30-05-24,Pizza,Food & Drinks,Salary Bank,190,INR,EXPENSE,,,,,,,
30-05-24,Baba,Bills & Fees,Savings Bank,"1,000.00",INR,EXPENSE,,,,,,,
29-05-24,Snacks,Food & Drinks,Salary Bank,35,INR,EXPENSE,,,,,,,
29-05-24,Reward,Bills & Fees,Salary Bank,11,INR,INCOME,,,,,,,
29-05-24,Breakfast,Food & Drinks,Salary Bank,30,INR,EXPENSE,,,,,,,
28-05-24,Shirt,Bills & Fees,Salary Bank,160,INR,EXPENSE,,,,,,,
28-05-24,Bus,Transport,Cash,30,INR,EXPENSE,,,,,,,
28-05-24,Juice,Food & Drinks,Salary Bank,35,INR,EXPENSE,,,,,,,
28-05-24,Withdraw,Bills & Fees,Salary Bank,0,INR,TRANSFER,300,INR,Cash,300,INR,,
28-05-24,Auto,Transport,Cash,20,INR,EXPENSE,,,,,,,
27-05-24,Recharge,Bills & Fees,Salary Bank,155,INR,EXPENSE,,,,,,,
27-05-24,Chotu,Bills & Fees,Salary Bank,500,INR,EXPENSE,,,,,,,
27-05-24,Adjust balance,,Salary Bank,56,INR,EXPENSE,,,,,,,
27-05-24,Snacks,Food & Drinks,Salary Bank,30,INR,EXPENSE,,,,,,,
26-05-24,Shampoo,Bills & Fees,Cash,4,INR,EXPENSE,,,,,,,
26-05-24,Petrol,Bills & Fees,Salary Bank,250,INR,EXPENSE,,,,,,,
26-05-24,Stationary,Bills & Fees,Salary Bank,20,INR,EXPENSE,,,,,,,
25-05-24,Ice cream,Food & Drinks,Salary Bank,20,INR,EXPENSE,,,,,,,
25-05-24,Snacks,Food & Drinks,Salary Bank,60,INR,EXPENSE,,,,,,,
25-05-24,Lunch,Food & Drinks,Salary Bank,70,INR,EXPENSE,,,,,,,
25-05-24,Auto,Transport,Salary Bank,20,INR,EXPENSE,,,,,,,
24-05-24,Bus,Transport,Cash,40,INR,EXPENSE,,,,,,,
24-05-24,Auto,Transport,Salary Bank,20,INR,EXPENSE,,,,,,,
24-05-24,Juice,Food & Drinks,Salary Bank,30,INR,EXPENSE,,,,,,,
24-05-24,Printing,Bills & Fees,Salary Bank,555,INR,EXPENSE,,,,,,,
23-05-24,Breakfast,Food & Drinks,Salary Bank,30,INR,EXPENSE,,,,,,,
21-05-24,Recharge,Bills & Fees,Salary Bank,259,INR,EXPENSE,,,,,,,
21-05-24,Internet,Bills & Fees,Salary Bank,470.82,INR,EXPENSE,,,,,,,
21-05-24,Juice,Food & Drinks,Salary Bank,10,INR,EXPENSE,,,,,,,
21-05-24,Brake,Bills & Fees,Salary Bank,50,INR,EXPENSE,,,,,,,
21-05-24,Ice Cream,Food & Drinks,Salary Bank,35,INR,EXPENSE,,,,,,,
21-05-24,Petrol,Transport,Salary Bank,100,INR,EXPENSE,,,,,,,
21-05-24,Adjust balance,,Cash,40,INR,EXPENSE,,,,,,,
20-05-24,Juice,Food & Drinks,Salary Bank,75,INR,EXPENSE,,,,,,,
20-05-24,Juice,Food & Drinks,Salary Bank,20,INR,EXPENSE,,,,,,,
19-05-24,Tickets,Bills & Fees,Salary Bank,"1,341.80",INR,EXPENSE,,,,,,,
19-05-24,Tickets,Bills & Fees,Salary Bank,"1,341.80",INR,EXPENSE,,,,,,,
19-05-24,Maggi,Food & Drinks,Salary Bank,14,INR,EXPENSE,,,,,,,
17-05-24,Breakfast,Food & Drinks,Salary Bank,30,INR,EXPENSE,,,,,,,
16-05-24,Breakfast,Food & Drinks,Salary Bank,30,INR,EXPENSE,,,,,,,
15-05-24,Juice,Food & Drinks,Salary Bank,130,INR,EXPENSE,,,,,,,
15-05-24,Shawarma üåØ,Food & Drinks,Salary Bank,220,INR,EXPENSE,,,,,,,
15-05-24,RtA,Transport,Metro Card,35,INR,EXPENSE,,,,,,,
15-05-24,Bus,Transport,Cash,10,INR,EXPENSE,,,,,,,
15-05-24,AtR,Transport,Salary Bank,35,INR,EXPENSE,,,,,,,
14-05-24,Recharge,Transport,Salary Bank,0,INR,TRANSFER,200,INR,Metro Card,200,INR,,
14-05-24,Juice,Food & Drinks,Cash,10,INR,EXPENSE,,,,,,,
14-05-24,Bus,Transport,Cash,20,INR,EXPENSE,,,,,,,
14-05-24,RtA,Transport,Metro Card,35,INR,EXPENSE,,,,,,,
14-05-24,AtR,Transport,Metro Card,35,INR,EXPENSE,,,,,,,
12-05-24,Snacks,Food & Drinks,Salary Bank,30,INR,EXPENSE,,,,,,,
10-05-24,Snacks,Food & Drinks,Salary Bank,60,INR,EXPENSE,,,,,,,
10-05-24,RtA,Transport,Metro Card,35,INR,EXPENSE,,,,,,,
10-05-24,AtR,Transport,Metro Card,35,INR,EXPENSE,,,,,,,
09-05-24,Screen,Bills & Fees,Salary Bank,"1,400.00",INR,EXPENSE,,,,,,,
09-05-24,Snacks,Food & Drinks,Salary Bank,20,INR,EXPENSE,,,,,,,
09-05-24,Breakfast,Food & Drinks,Salary Bank,30,INR,EXPENSE,,,,,,,
08-05-24,Juice,Food & Drinks,Salary Bank,80,INR,EXPENSE,,,,,,,
08-05-24,Bus,Transport,Cash,10,INR,EXPENSE,,,,,,,
08-05-24,RtA,Transport,Metro Card,35,INR,EXPENSE,,,,,,,
08-05-24,AtR,Transport,Metro Card,35,INR,EXPENSE,,,,,,,
08-05-24,Bus,Transport,Cash,10,INR,EXPENSE,,,,,,,
07-05-24,RtA,Transport,Metro Card,35,INR,EXPENSE,,,,,,,
07-05-24,AtR,Transport,Metro Card,35,INR,EXPENSE,,,,,,,
07-05-24,Shawarma üåØ,Food & Drinks,Salary Bank,120,INR,EXPENSE,,,,,,,
07-05-24,Bus,Transport,Cash,10,INR,EXPENSE,,,,,,,
06-05-24,Bus,Transport,Cash,10,INR,EXPENSE,,,,,,,
06-05-24,Petrol,Bills & Fees,Salary Bank,100,INR,EXPENSE,,,,,,,
06-05-24,RtA,Transport,Metro Card,35,INR,EXPENSE,,,,,,,
06-05-24,AtR,Transport,Metro Card,35,INR,EXPENSE,,,,,,,
06-05-24,Juice,Food & Drinks,Salary Bank,40,INR,EXPENSE,,,,,,,
06-05-24,Lunch,Food & Drinks,Salary Bank,100,INR,EXPENSE,,,,,,,
06-05-24,Adjust balance,,Salary Bank,80,INR,INCOME,,,,,,,
06-05-24,Adjust balance,,Cash,30,INR,EXPENSE,,,,,,,
04-05-24,Petrol,Transport,Salary Bank,200,INR,EXPENSE,,,,,,,
04-05-24,Medic,Bills & Fees,Salary Bank,20,INR,EXPENSE,,,,,,,
03-05-24,Petrol,Transport,Salary Bank,100,INR,EXPENSE,,,,,,,
03-05-24,Recharge,Bills & Fees,Salary Bank,266.9,INR,EXPENSE,,,,,,,
03-05-24,Petrol,Transport,Salary Bank,50,INR,EXPENSE,,,,,,,
02-05-24,Exam Fees,Bills & Fees,Salary Bank,"2,000.00",INR,EXPENSE,,,,,,,
02-05-24,Juice,Food & Drinks,Salary Bank,80,INR,EXPENSE,,,,,,,
02-05-24,Bus,Transport,Cash,10,INR,EXPENSE,,,,,,,
02-05-24,Auto,Transport,Cash,20,INR,EXPENSE,,,,,,,
02-05-24,Juice,Food & Drinks,Salary Bank,80,INR,EXPENSE,,,,,,,
02-05-24,Snacks,Food & Drinks,Salary Bank,30,INR,EXPENSE,,,,,,,
02-05-24,Savings,,Salary Bank,0,INR,TRANSFER,"2,000.00",INR,Savings Bank,"2,000.00",INR,,
02-05-24,Netflix,Bills & Fees,Salary Bank,199,INR,EXPENSE,,,,,,,
02-05-24,Baba,Bills & Fees,Salary Bank,"5,000.00",INR,EXPENSE,,,,,,,
01-05-24,Adjust balance,,Salary Bank,30,INR,EXPENSE,,,,,,,
01-05-24,Recharge,Bills & Fees,Salary Bank,155,INR,EXPENSE,,,,,,,
01-05-24,Juice,Food & Drinks,Salary Bank,60,INR,EXPENSE,,,,,,,
01-05-24,Recharge,Transport,Salary Bank,0,INR,TRANSFER,200,INR,Metro Card,200,INR,,
01-05-24,Withdraw,,Salary Bank,0,INR,TRANSFER,300,INR,Cash,300,INR,,
01-05-24,RtA,Transport,Cash,35,INR,EXPENSE,,,,,,,
01-05-24,AtR,Transport,Metro Card,35,INR,EXPENSE,,,,,,,
01-05-24,Water,Food & Drinks,Salary Bank,30,INR,EXPENSE,,,,,,,
30-04-24,Salary,Bills & Fees,Salary Bank,"19,367.00",INR,INCOME,,,,,,,
30-04-24,Bus,Transport,Cash,10,INR,EXPENSE,,,,,,,
30-04-24,AtR,Transport,Salary Bank,35,INR,EXPENSE,,,,,,,
30-04-24,RtA,Transport,Salary Bank,35,INR,EXPENSE,,,,,,,
30-04-24,Juice,Food & Drinks,Salary Bank,90,INR,EXPENSE,,,,,,,
29-04-24,Bus,Transport,Cash,10,INR,EXPENSE,,,,,,,
29-04-24,RtA,Transport,Salary Bank,35,INR,EXPENSE,,,,,,,
29-04-24,Adjust balance,,Cash,80,INR,EXPENSE,,,,,,,
29-04-24,Bus,Transport,Cash,10,INR,EXPENSE,,,,,,,
29-04-24,AtR,Transport,Salary Bank,35,INR,EXPENSE,,,,,,,
28-04-24,Baba,Bills & Fees,Salary Bank,500,INR,EXPENSE,,,,,,,
28-04-24,Breakfast,Food & Drinks,Salary Bank,30,INR,EXPENSE,,,,,,,
27-04-24,üç∞,Food & Drinks,Salary Bank,100,INR,EXPENSE,,,,,,,
27-04-24,Milk,Bills & Fees,Salary Bank,40,INR,EXPENSE,,,,,,,
27-04-24,Snacks,Food & Drinks,Salary Bank,90,INR,EXPENSE,,,,,,,
27-04-24,Water,Food & Drinks,Salary Bank,60,INR,EXPENSE,,,,,,,
27-04-24,Juice,Food & Drinks,Salary Bank,120,INR,EXPENSE,,,,,,,
27-04-24,Water,Food & Drinks,Salary Bank,60,INR,EXPENSE,,,,,,,
27-04-24,Lunch,Food & Drinks,Salary Bank,100,INR,EXPENSE,,,,,,,
27-04-24,Sujith,Bills & Fees,Salary Bank,100,INR,INCOME,,,,,,,
27-04-24,Priyanka,Bills & Fees,Salary Bank,300,INR,INCOME,,,,,,,
27-04-24,Petrol,Transport,Salary Bank,100,INR,EXPENSE,,,,,,,
26-04-24,Juice,Food & Drinks,Salary Bank,49,INR,EXPENSE,,,,,,,
26-04-24,Chotu,Bills & Fees,Salary Bank,500,INR,EXPENSE,,,,,,,
26-04-24,Snacks,Food & Drinks,Salary Bank,10,INR,EXPENSE,,,,,,,
26-04-24,Drink,Food & Drinks,Salary Bank,49,INR,EXPENSE,,,,,,,
26-04-24,Lunch,Food & Drinks,Salary Bank,120,INR,EXPENSE,,,,,,,
26-04-24,Water,Food & Drinks,Salary Bank,60,INR,EXPENSE,,,,,,,
26-04-24,Petrol,Transport,Salary Bank,100,INR,EXPENSE,,,,,,,
25-04-24,Snacks,Food & Drinks,Salary Bank,20,INR,EXPENSE,,,,,,,
25-04-24,Petrol,Transport,Salary Bank,100,INR,EXPENSE,,,,,,,
24-04-24,Shirt,Bills & Fees,Salary Bank,699,INR,EXPENSE,,,,,,,
24-04-24,Petrol,Transport,Salary Bank,100,INR,EXPENSE,,,,,,,
24-04-24,Petrol,Transport,Salary Bank,50,INR,EXPENSE,,,,,,,
24-04-24,Snacks,Food & Drinks,Salary Bank,60,INR,EXPENSE,,,,,,,
23-04-24,Team lunch,Food & Drinks,Salary Bank,795,INR,EXPENSE,,,,,,,
23-04-24,Bus,Transport,Cash,20,INR,EXPENSE,,,,,,,
23-04-24,RtA,Transport,Metro Card,35,INR,EXPENSE,,,,,,,
23-04-24,AtR,Transport,Metro Card,35,INR,EXPENSE,,,,,,,
22-04-24,Bus,Transport,Cash,10,INR,EXPENSE,,,,,,,
22-04-24,RtA,Transport,Metro Card,35,INR,EXPENSE,,,,,,,
22-04-24,Bus Pass,Transport,Salary Bank,430,INR,EXPENSE,,,,,,,
22-04-24,Recharge,Bills & Fees,Salary Bank,259,INR,EXPENSE,,,,,,,
22-04-24,Adjust balance,,Savings Bank,44.02,INR,INCOME,,,,,,,
22-04-24,Settlement,,Salary Bank,20,INR,EXPENSE,,,,,,,
22-04-24,Adjust balance,,Cash,20,INR,EXPENSE,,,,,,,
22-04-24,Bus,Transport,Cash,30,INR,EXPENSE,,,,,,,
22-04-24,,Bills & Fees,Cash,30,INR,INCOME,,,,,,,
22-04-24,AtR,Transport,Metro Card,35,INR,EXPENSE,,,,,,,
21-04-24,Juice,Food & Drinks,Salary Bank,40,INR,EXPENSE,,,,,,,
21-04-24,Manchuria,Food & Drinks,Cash,70,INR,EXPENSE,,,,,,,
21-04-24,Breakfast,Food & Drinks,Salary Bank,25,INR,EXPENSE,,,,,,,
21-04-24,Petrol,Transport,Salary Bank,100,INR,EXPENSE,,,,,,,
21-04-24,Tyre,Bills & Fees,Cash,10,INR,EXPENSE,,,,,,,
20-04-24,Shirt,Bills & Fees,Salary Bank,799,INR,EXPENSE,,,,,,,
20-04-24,Burrito,Food & Drinks,Salary Bank,83,INR,EXPENSE,,,,,,,
20-04-24,Sid PayUp,Bills & Fees,Salary Bank,89.52,INR,INCOME,,,,,,,
20-04-24,Ice Cream,Food & Drinks,Salary Bank,88.01,INR,EXPENSE,,,,,,,
20-04-24,Water,Food & Drinks,Cash,30,INR,EXPENSE,,,,,,,
19-04-24,Bus,Transport,Cash,10,INR,EXPENSE,,,,,,,
19-04-24,RtA,Transport,Metro Card,35,INR,EXPENSE,,,,,,,
19-04-24,AtR,Transport,Metro Card,35,INR,EXPENSE,,,,,,,
18-04-24,Snacks,Food & Drinks,Salary Bank,75,INR,EXPENSE,,,,,,,
18-04-24,Snacks,Food & Drinks,Salary Bank,130,INR,EXPENSE,,,,,,,
17-04-24,,,Cash,5,INR,EXPENSE,,,,,,,
17-04-24,Reacharge,,Salary Bank,0,INR,TRANSFER,200,INR,Metro Card,200,INR,,
17-04-24,AtR,Transport,Cash,35,INR,EXPENSE,,,,,,,
17-04-24,Withdraw,,Salary Bank,0,INR,TRANSFER,300,INR,Cash,300,INR,,
16-04-24,RtA,Transport,Metro Card,35,INR,EXPENSE,,,,,,,
16-04-24,Bus,Transport,Cash,10,INR,EXPENSE,,,,,,,
16-04-24,AtR,Transport,Metro Card,35,INR,EXPENSE,,,,,,,
15-04-24,Bus,Transport,Cash,10,INR,EXPENSE,,,,,,,
15-04-24,RtA,Transport,Metro Card,35,INR,EXPENSE,,,,,,,
15-04-24,Snacks,Food & Drinks,Salary Bank,60,INR,EXPENSE,,,,,,,
15-04-24,Domain,Bills & Fees,Salary Bank,616.32,INR,EXPENSE,,,,,,,
15-04-24,AtR,Transport,Metro Card,35,INR,EXPENSE,,,,,,,
15-04-24,Bus,Transport,Cash,10,INR,EXPENSE,,,,,,,
14-04-24,Breakfast,Food & Drinks,Salary Bank,30,INR,EXPENSE,,,,,,,
12-04-24,Bus,Transport,Cash,20,INR,EXPENSE,,,,,,,
12-04-24,Recharge,,Salary Bank,0,INR,TRANSFER,200,INR,Metro Card,200,INR,,
12-04-24,RtA,Transport,Metro Card,35,INR,EXPENSE,,,,,,,
12-04-24,AtR,Transport,Metro Card,35,INR,EXPENSE,,,,,,,
12-04-24,Adjust balance,,Metro Card,40,INR,EXPENSE,,,,,,,
10-04-24,RtA,Transport,Metro Card,35,INR,EXPENSE,,,,,,,
10-04-24,Adjust balance,,Cash,30,INR,EXPENSE,,,,,,,
10-04-24,Adjust balance,,Salary Bank,70.99,INR,EXPENSE,,,,,,,
10-04-24,Gym,Bills & Fees,Salary Bank,"1,000.00",INR,EXPENSE,,,,,,,
10-04-24,AtR,Transport,Metro Card,35,INR,EXPENSE,,,,,,,
10-04-24,Shawarma üåØ,Food & Drinks,Salary Bank,140,INR,EXPENSE,,,,,,,
08-04-24,AtR,Transport,Metro Card,35,INR,EXPENSE,,,,,,,
08-04-24,Bus,Transport,Cash,10,INR,EXPENSE,,,,,,,
07-04-24,Breakfast,Food & Drinks,Salary Bank,30,INR,EXPENSE,,,,,,,
07-04-24,Fest,Bills & Fees,Salary Bank,250,INR,EXPENSE,,,,,,,
06-04-24,Juice,Food & Drinks,Salary Bank,10,INR,EXPENSE,,,,,,,
06-04-24,Bus,Transport,Cash,10,INR,EXPENSE,,,,,,,
06-04-24,Juice,Food & Drinks,Salary Bank,30,INR,EXPENSE,,,,,,,
06-04-24,Auto,Transport,Cash,20,INR,EXPENSE,,,,,,,
05-04-24,Juice,Food & Drinks,Salary Bank,30,INR,EXPENSE,,,,,,,
05-04-24,RtA,Transport,Metro Card,35,INR,EXPENSE,,,,,,,
05-04-24,Recharge,,Salary Bank,0,INR,TRANSFER,200,INR,Metro Card,200,INR,,
05-04-24,Wow,Bills & Fees,Salary Bank,309.84,INR,EXPENSE,,,,,,,
05-04-24,Juice,Food & Drinks,Salary Bank,25,INR,EXPENSE,,,,,,,
05-04-24,AtR,Transport,Metro Card,35,INR,EXPENSE,,,,,,,
04-04-24,Snacks,Food & Drinks,Salary Bank,75,INR,EXPENSE,,,,,,,
04-04-24,Petrol,Bills & Fees,Salary Bank,100,INR,EXPENSE,,,,,,,
04-04-24,Stonks,Bills & Fees,Salary Bank,761.44,INR,INCOME,,,,,,,
03-04-24,Settlement,,Salary Bank,0,INR,TRANSFER,"3,199.00",INR,Savings Bank,"3,199.00",INR,,
03-04-24,Maa,Bills & Fees,Salary Bank,"10,000.00",INR,INCOME,,,,,,,
03-04-24,Bus,Transport,Cash,10,INR,EXPENSE,,,,,,,
03-04-24,AtR,Transport,Metro Card,35,INR,EXPENSE,,,,,,,
02-04-24,AtR,Transport,Metro Card,35,INR,EXPENSE,,,,,,,
02-04-24,RtA,Transport,Metro Card,35,INR,EXPENSE,,,,,,,
02-04-24,Juice,Food & Drinks,Cash,10,INR,EXPENSE,,,,,,,
02-04-24,Juice,Food & Drinks,Cash,60,INR,EXPENSE,,,,,,,
02-04-24,Chotu,Bills & Fees,Cash,60,INR,INCOME,,,,,,,
02-04-24,Bus,Transport,Cash,10,INR,EXPENSE,,,,,,,
01-04-24,Netflix,Bills & Fees,Savings Bank,199,INR,EXPENSE,,,,,,,
01-04-24,Chotu,Bills & Fees,Savings Bank,"3,000.00",INR,EXPENSE,,,,,,,
01-04-24,Bhagwat,Bills & Fees,Cash,100,INR,INCOME,,,,,,,
01-04-24,Snacks,Food & Drinks,Salary Bank,160,INR,EXPENSE,,,,,,,
01-04-24,Juice,Food & Drinks,Salary Bank,50,INR,EXPENSE,,,,,,,
01-04-24,Adjust balance,,Cash,50,INR,EXPENSE,,,,,,,
31-03-24,AtR,Transport,Metro Card,35,INR,EXPENSE,,,,,,,
31-03-24,Bus,Transport,Cash,10,INR,EXPENSE,,,,,,,
31-03-24,Baba,Bills & Fees,Salary Bank,"1,700.00",INR,EXPENSE,,,,,,,
31-03-24,Shoes,Bills & Fees,Salary Bank,"2,499.00",INR,EXPENSE,,,,,,,
31-03-24,Haircut,Bills & Fees,Salary Bank,150,INR,EXPENSE,,,,,,,
30-03-24,Chotu,Bills & Fees,Cash,100,INR,EXPENSE,,,,,,,
29-03-24,Snacks,Food & Drinks,Salary Bank,90,INR,EXPENSE,,,,,,,
29-03-24,Maa,Bills & Fees,Salary Bank,"13,000.00",INR,EXPENSE,,,,,,,
29-03-24,Breakfast,Food & Drinks,Salary Bank,60,INR,EXPENSE,,,,,,,
28-03-24,Petrol,Bills & Fees,Salary Bank,100,INR,EXPENSE,,,,,,,
28-03-24,Snacks,Food & Drinks,Salary Bank,250,INR,EXPENSE,,,,,,,
28-03-24,Settle,,Salary Bank,5,INR,EXPENSE,,,,,,,
28-03-24,Salary,Bills & Fees,Salary Bank,"22,700.00",INR,INCOME,,,,,,,
28-03-24,Transfer,,Salary Bank,0,INR,TRANSFER,"4,123.00",INR,Savings Bank,"4,123.00",INR,,
27-03-24,Ice cream,Food & Drinks,Cash,70,INR,EXPENSE,,,,,,,
26-03-24,Juice,Food & Drinks,Salary Bank,40,INR,EXPENSE,,,,,,,
26-03-24,Auto,Transport,Cash,20,INR,EXPENSE,,,,,,,
25-03-24,Bus,Transport,Cash,10,INR,EXPENSE,,,,,,,
25-03-24,Bus,Transport,Cash,10,INR,EXPENSE,,,,,,,
25-03-24,RtA,Transport,Metro Card,35,INR,EXPENSE,,,,,,,
25-03-24,AtR,Transport,Metro Card,35,INR,EXPENSE,,,,,,,
25-03-24,Recharge,,Cash,0,INR,TRANSFER,200,INR,Metro Card,200,INR,,
24-03-24,Adjust balance,,Salary Bank,105,INR,EXPENSE,,,,,,,
22-03-24,Bus,Transport,Cash,30,INR,EXPENSE,,,,,,,
22-03-24,Juice,Food & Drinks,Salary Bank,10,INR,EXPENSE,,,,,,,
22-03-24,Snacks,Food & Drinks,Salary Bank,80,INR,EXPENSE,,,,,,,
22-03-24,Withdraw,,Salary Bank,0,INR,TRANSFER,500,INR,Cash,500,INR,,
22-03-24,RtA,Transport,Metro Card,35,INR,EXPENSE,,,,,,,
21-03-24,Baba,Bills & Fees,Salary Bank,500,INR,EXPENSE,,,,,,,
21-03-24,Recharge,Bills & Fees,Salary Bank,259,INR,EXPENSE,,,,,,,
21-03-24,Maa,Bills & Fees,Salary Bank,"2,000.00",INR,INCOME,,,,,,,
21-03-24,Stonks,Bills & Fees,Salary Bank,230,INR,EXPENSE,,,,,,,
21-03-24,Petrol,Transport,Salary Bank,200,INR,EXPENSE,,,,,,,
19-03-24,RtA,Transport,Metro Card,35,INR,EXPENSE,,,,,,,
19-03-24,Snacks,Food & Drinks,Salary Bank,25,INR,EXPENSE,,,,,,,
19-03-24,RtA,Transport,Metro Card,35,INR,EXPENSE,,,,,,,
19-03-24,Shawarma üåØ,Food & Drinks,Salary Bank,260,INR,EXPENSE,,,,,,,
19-03-24,Bus pass,Bills & Fees,Salary Bank,430,INR,EXPENSE,,,,,,,
18-03-24,RtA,Transport,Metro Card,35,INR,EXPENSE,,,,,,,
17-03-24,Adjust balance,,Cash,110,INR,EXPENSE,,,,,,,
16-03-24,Snacks,Food & Drinks,Salary Bank,30,INR,EXPENSE,,,,,,,
16-03-24,Rent,Bills & Fees,Salary Bank,"3,800.00",INR,EXPENSE,,,,,,,
15-03-24,Juice,Food & Drinks,Salary Bank,40,INR,EXPENSE,,,,,,,
15-03-24,Snacks,Food & Drinks,Salary Bank,20,INR,EXPENSE,,,,,,,
15-03-24,RtA,Transport,Metro Card,35,INR,EXPENSE,,,,,,,
15-03-24,Bike,Transport,Salary Bank,74,INR,EXPENSE,,,,,,,
14-03-24,Snacks,Food & Drinks,Salary Bank,105,INR,EXPENSE,,,,,,,
13-03-24,Snacks,Food & Drinks,Salary Bank,30,INR,EXPENSE,,,,,,,
13-03-24,Bandages,Bills & Fees,Salary Bank,8,INR,EXPENSE,,,,,,,
12-03-24,Baba,Bills & Fees,Salary Bank,"2,000.00",INR,EXPENSE,,,,,,,
12-03-24,Doc,Bills & Fees,Salary Bank,60,INR,EXPENSE,,,,,,,
12-03-24,Juice,Food & Drinks,Salary Bank,90,INR,EXPENSE,,,,,,,
12-03-24,Shawarma üåØ,Food & Drinks,Salary Bank,150,INR,EXPENSE,,,,,,,
12-03-24,Breakfast,Food & Drinks,Salary Bank,30,INR,EXPENSE,,,,,,,
11-03-24,Jalebi,Food & Drinks,Salary Bank,30,INR,EXPENSE,,,,,,,
10-03-24,,Bills & Fees,Salary Bank,9,INR,EXPENSE,,,,,,,
10-03-24,Baba,Bills & Fees,Salary Bank,"1,000.00",INR,EXPENSE,,,,,,,
09-03-24,Juice,Food & Drinks,Salary Bank,10,INR,EXPENSE,,,,,,,
09-03-24,Petrol,Transport,Salary Bank,200,INR,EXPENSE,,,,,,,
08-03-24,Snacks,Food & Drinks,Salary Bank,10,INR,EXPENSE,,,,,,,
08-03-24,Breakfast,Food & Drinks,Salary Bank,30,INR,EXPENSE,,,,,,,
07-03-24,Snacks,Food & Drinks,Salary Bank,60,INR,EXPENSE,,,,,,,
07-03-24,RtA,Transport,Cash,35,INR,EXPENSE,,,,,,,
07-03-24,,,Cash,20,INR,EXPENSE,,,,,,,
07-03-24,Adjust balance,,Cash,25,INR,EXPENSE,,,,,,,
07-03-24,AtR,Transport,Metro Card,35,INR,EXPENSE,,,,,,,
07-03-24,Bus,Transport,Cash,10,INR,EXPENSE,,,,,,,
07-03-24,Withdraw,,Salary Bank,0,INR,TRANSFER,200,INR,Cash,200,INR,,
07-03-24,Recharge,,Salary Bank,0,INR,TRANSFER,250,INR,Metro Card,250,INR,,
06-03-24,RtA,Transport,Metro Card,35,INR,EXPENSE,,,,,,,
06-03-24,Snacks,Food & Drinks,Cash,10,INR,EXPENSE,,,,,,,
06-03-24,AtR,Transport,Metro Card,35,INR,EXPENSE,,,,,,,
06-03-24,RB üêÇ,Food & Drinks,Salary Bank,125,INR,EXPENSE,,,,,,,
06-03-24,Baba,Bills & Fees,Salary Bank,"1,000.00",INR,EXPENSE,,,,,,,
06-03-24,Netflix,Bills & Fees,Salary Bank,99,INR,EXPENSE,,,,,,,
06-03-24,,,Savings Bank,5.53,INR,INCOME,,,,,,,
05-03-24,AtR,Transport,Metro Card,35,INR,EXPENSE,,,,,,,
05-03-24,Bus,Transport,Cash,10,INR,EXPENSE,,,,,,,
05-03-24,RtA,Transport,Metro Card,35,INR,EXPENSE,,,,,,,
04-03-24,Snacks,Food & Drinks,Salary Bank,20,INR,EXPENSE,,,,,,,
04-03-24,Snacks,Food & Drinks,Salary Bank,25,INR,EXPENSE,,,,,,,
04-03-24,RtA,Transport,Cash,35,INR,EXPENSE,,,,,,,
04-03-24,AtR,Transport,Metro Card,35,INR,EXPENSE,,,,,,,
04-03-24,Baba,Bills & Fees,Cash,80,INR,EXPENSE,,,,,,,
04-03-24,Recharge,,Salary Bank,0,INR,TRANSFER,200,INR,Metro Card,200,INR,,
03-03-24,Snacks,Food & Drinks,Salary Bank,60,INR,EXPENSE,,,,,,,
03-03-24,Laptop fixes,Bills & Fees,Salary Bank,150,INR,EXPENSE,,,,,,,
03-03-24,Juice,Food & Drinks,Salary Bank,100,INR,EXPENSE,,,,,,,
03-03-24,Snacks,Food & Drinks,Salary Bank,150,INR,EXPENSE,,,,,,,
02-03-24,Cab,Bills & Fees,Salary Bank,419,INR,EXPENSE,,,,,,,
02-03-24,Can,Bills & Fees,Salary Bank,476,INR,EXPENSE,,,,,,,
02-03-24,Dinner,Bills & Fees,Salary Bank,"2,154.00",INR,EXPENSE,,,,,,,
02-03-24,Gym,Bills & Fees,Salary Bank,"1,000.00",INR,EXPENSE,,,,,,,
01-03-24,Snacks,Food & Drinks,Salary Bank,60,INR,EXPENSE,,,,,,,
01-03-24,AtR,Transport,Metro Card,35,INR,EXPENSE,,,,,,,
01-03-24,RtA,Transport,Metro Card,35,INR,EXPENSE,,,,,,,
01-03-24,Baba,Bills & Fees,Salary Bank,"5,000.00",INR,EXPENSE,,,,,,,
29-02-24,Fancode,Bills & Fees,Salary Bank,599,INR,EXPENSE,,,,,,,
29-02-24,Snacks,Food & Drinks,Salary Bank,60,INR,EXPENSE,,,,,,,
29-02-24,Salary,,Salary Bank,"22,700.00",INR,INCOME,,,,,,,
29-02-24,Adjust balance,,Savings Bank,45.02,INR,EXPENSE,,,,,,,
29-02-24,Adjust balance,,Savings Bank,0,INR,INCOME,,,,,,,
29-02-24,Petrol,Transport,Savings Bank,100,INR,EXPENSE,,,,,,,
29-02-24,Baba,Bills & Fees,Cash,100,INR,EXPENSE,,,,,,,
29-02-24,Maa,Bills & Fees,Cash,150,INR,EXPENSE,,,,,,,
28-02-24,Bus,Transport,Cash,10,INR,EXPENSE,,,,,,,
28-02-24,RtA,Transport,Metro Card,35,INR,EXPENSE,,,,,,,
28-02-24,Snacks,Food & Drinks,Savings Bank,60,INR,EXPENSE,,,,,,,
28-02-24,AtR,Transport,Cash,35,INR,EXPENSE,,,,,,,
28-02-24,Adjust balance,,Cash,15,INR,EXPENSE,,,,,,,
27-02-24,Bus,Transport,Cash,10,INR,EXPENSE,,,,,,,
27-02-24,RtA,Transport,Metro Card,35,INR,EXPENSE,,,,,,,
27-02-24,Shawarma üåØ,Food & Drinks,Savings Bank,140,INR,EXPENSE,,,,,,,
27-02-24,Bus,Transport,Cash,10,INR,EXPENSE,,,,,,,
27-02-24,Snacks,Food & Drinks,Savings Bank,35,INR,EXPENSE,,,,,,,
27-02-24,AtR,Transport,Metro Card,35,INR,EXPENSE,,,,,,,
26-02-24,Withdraw,,Savings Bank,0,INR,TRANSFER,500,INR,Cash,500,INR,,
26-02-24,Bus,Transport,Cash,10,INR,EXPENSE,,,,,,,
26-02-24,Snacks,Food & Drinks,Savings Bank,60,INR,EXPENSE,,,,,,,
26-02-24,Recharge,,Savings Bank,0,INR,TRANSFER,200,INR,Metro Card,200,INR,,
26-02-24,Adjust balance,,Savings Bank,940,INR,INCOME,,,,,,,
26-02-24,Adjust balance,,Cash,10,INR,EXPENSE,,,,,,,
26-02-24,Bus,Transport,Cash,10,INR,EXPENSE,,,,,,,
26-02-24,AtR,Transport,Metro Card,35,INR,EXPENSE,,,,,,,
26-02-24,RtA,Transport,Metro Card,35,INR,EXPENSE,,,,,,,
26-02-24,Baba,Bills & Fees,Cash,200,INR,EXPENSE,,,,,,,
26-02-24,Maa,Bills & Fees,Cash,50,INR,EXPENSE,,,,,,,
24-02-24,Snacks,Food & Drinks,Cash,50,INR,EXPENSE,,,,,,,
24-02-24,Snacks,Food & Drinks,Cash,35,INR,EXPENSE,,,,,,,
23-02-24,Snacks,Food & Drinks,Cash,25,INR,EXPENSE,,,,,,,
23-02-24,Bus,Transport,Cash,10,INR,EXPENSE,,,,,,,
23-02-24,RtA,Transport,Metro Card,35,INR,EXPENSE,,,,,,,
23-02-24,Bus,Transport,Cash,10,INR,EXPENSE,,,,,,,
23-02-24,AtR,Transport,Metro Card,35,INR,EXPENSE,,,,,,,
22-02-24,Bb,Bills & Fees,Savings Bank,50,INR,EXPENSE,,,,,,,
22-02-24,Bus,Transport,Cash,10,INR,EXPENSE,,,,,,,
22-02-24,RtA,Transport,Metro Card,35,INR,EXPENSE,,,,,,,
22-02-24,Stonks,Bills & Fees,Savings Bank,180,INR,EXPENSE,,,,,,,
22-02-24,Bus,Transport,Cash,10,INR,EXPENSE,,,,,,,
22-02-24,AtR,Transport,Metro Card,35,INR,EXPENSE,,,,,,,
21-02-24,Snacks,Food & Drinks,Savings Bank,30,INR,EXPENSE,,,,,,,
21-02-24,Bus,Transport,Cash,10,INR,EXPENSE,,,,,,,
21-02-24,RtA,Transport,Metro Card,35,INR,EXPENSE,,,,,,,
21-02-24,Recharge,Bills & Fees,Savings Bank,259,INR,EXPENSE,,,,,,,
20-02-24,Play store,Bills & Fees,Savings Bank,9,INR,EXPENSE,,,,,,,
20-02-24,Bus,Transport,Cash,10,INR,EXPENSE,,,,,,,
20-02-24,RtA,Transport,Metro Card,35,INR,EXPENSE,,,,,,,
20-02-24,AtR,Transport,Metro Card,35,INR,EXPENSE,,,,,,,
19-02-24,Bus,Transport,Cash,10,INR,EXPENSE,,,,,,,
19-02-24,RtA,Transport,Metro Card,35,INR,EXPENSE,,,,,,,
19-02-24,AtR,Transport,Savings Bank,35,INR,EXPENSE,,,,,,,
19-02-24,Reacharge,,Savings Bank,0,INR,TRANSFER,300,INR,Metro Card,300,INR,,
18-02-24,Biryani,,Savings Bank,0,INR,TRANSFER,230,INR,Cash,230,INR,,
18-02-24,Biryani üçö,Food & Drinks,Savings Bank,250,INR,EXPENSE,,,,,,,
18-02-24,Juice,Food & Drinks,Savings Bank,40,INR,EXPENSE,,,,,,,
18-02-24,Snacks,Food & Drinks,Cash,40,INR,EXPENSE,,,,,,,
18-02-24,Book,Bills & Fees,Savings Bank,150,INR,EXPENSE,,,,,,,
18-02-24,Entry fee,Bills & Fees,Cash,50,INR,EXPENSE,,,,,,,
17-02-24,Bus pass,Bills & Fees,Savings Bank,430,INR,EXPENSE,,,,,,,
17-02-24,Juice,Food & Drinks,Savings Bank,20,INR,EXPENSE,,,,,,,
17-02-24,Adjust balance,,Cash,16,INR,EXPENSE,,,,,,,
17-02-24,Adjust balance,,Savings Bank,130,INR,INCOME,,,,,,,
16-02-24,RtA,Transport,Metro Card,35,INR,EXPENSE,,,,,,,
16-02-24,AtR,Transport,Metro Card,35,INR,EXPENSE,,,,,,,
15-02-24,RtA,Transport,Metro Card,35,INR,EXPENSE,,,,,,,
14-02-24,Snack,Food & Drinks,Savings Bank,100,INR,EXPENSE,,,,,,,
14-02-24,Petrol,Transport,Savings Bank,100,INR,EXPENSE,,,,,,,
14-02-24,Petrol,Transport,Savings Bank,100,INR,EXPENSE,,,,,,,
13-02-24,RtA,Transport,Metro Card,35,INR,EXPENSE,,,,,,,
13-02-24,Recharge,,Savings Bank,0,INR,TRANSFER,200,INR,Metro Card,200,INR,,
13-02-24,AtR,Transport,Metro Card,35,INR,EXPENSE,,,,,,,
13-02-24,Bus,Transport,Cash,10,INR,EXPENSE,,,,,,,
12-02-24,RtA,Transport,Metro Card,35,INR,EXPENSE,,,,,,,
12-02-24,Bus,Transport,Cash,10,INR,EXPENSE,,,,,,,
12-02-24,Adjust balance,,Metro Card,2,INR,INCOME,,,,,,,
11-02-24,Snacks,Food & Drinks,Savings Bank,130,INR,EXPENSE,,,,,,,
10-02-24,Snacks,Food & Drinks,Savings Bank,45,INR,EXPENSE,,,,,,,
10-02-24,Auto,Transport,Cash,20,INR,EXPENSE,,,,,,,
09-02-24,Snacks,Food & Drinks,Savings Bank,145,INR,EXPENSE,,,,,,,
09-02-24,Pants,Bills & Fees,Savings Bank,998,INR,EXPENSE,,,,,,,
09-02-24,,,Savings Bank,2,INR,INCOME,,,,,,,
08-02-24,Ice cream,Bills & Fees,Savings Bank,102,INR,EXPENSE,,,,,,,
08-02-24,Pizza,Food & Drinks,Savings Bank,247,INR,EXPENSE,,,,,,,
08-02-24,,,Savings Bank,2,INR,EXPENSE,,,,,,,
08-02-24,Shirt,Bills & Fees,Savings Bank,999,INR,EXPENSE,,,,,,,
08-02-24,Pant,Bills & Fees,Savings Bank,799,INR,EXPENSE,,,,,,,
07-02-24,RtA,Transport,Savings Bank,35,INR,EXPENSE,,,,,,,
07-02-24,UPI lite,Bills & Fees,Savings Bank,1,INR,EXPENSE,,,,,,,
06-02-24,Bus Pass,Transport,Savings Bank,440,INR,EXPENSE,,,,,,,
06-02-24,Baba,Bills & Fees,Savings Bank,"1,000.00",INR,EXPENSE,,,,,,,
05-02-24,Withdraw,,Savings Bank,0,INR,TRANSFER,400,INR,Cash,400,INR,,
05-02-24,Snacks,Food & Drinks,Savings Bank,90,INR,EXPENSE,,,,,,,
05-02-24,Exam,Bills & Fees,Savings Bank,400,INR,EXPENSE,,,,,,,
05-02-24,Adjust balance,,Cash,40,INR,EXPENSE,,,,,,,
03-02-24,Stonks,Bills & Fees,Savings Bank,4.45,INR,INCOME,,,,,,,
03-02-24,Baba birthday,Bills & Fees,Savings Bank,839,INR,EXPENSE,,,,,,,
03-02-24,Auto,Transport,Savings Bank,20,INR,EXPENSE,,,,,,,
03-02-24,Baba,Bills & Fees,Savings Bank,"2,000.00",INR,EXPENSE,,,,,,,
02-02-24,Petrol,Transport,Savings Bank,200,INR,EXPENSE,,,,,,,
02-02-24,Book,Bills & Fees,Savings Bank,299,INR,EXPENSE,,,,,,,
01-02-24,Netflix,Bills & Fees,Savings Bank,99,INR,EXPENSE,,,,,,,
01-02-24,Snacks,Food & Drinks,Savings Bank,40,INR,EXPENSE,,,,,,,
01-02-24,Petrol,Bills & Fees,Savings Bank,100,INR,EXPENSE,,,,,,,
01-02-24,Chotu,Bills & Fees,Savings Bank,100,INR,EXPENSE,,,,,,,
01-02-24,Gym,Bills & Fees,Savings Bank,"1,000.00",INR,EXPENSE,,,,,,,
31-01-24,Milk,Bills & Fees,Savings Bank,88,INR,EXPENSE,,,,,,,
31-01-24,Petrol,Transport,Savings Bank,100,INR,EXPENSE,,,,,,,
31-01-24,Sid,Bills & Fees,Savings Bank,200,INR,EXPENSE,,,,,,,
31-01-24,Baba,Bills & Fees,Savings Bank,"5,000.00",INR,EXPENSE,,,,,,,
31-01-24,Snacks,Food & Drinks,Savings Bank,60,INR,EXPENSE,,,,,,,
31-01-24,Chotu,Bills & Fees,Savings Bank,100,INR,INCOME,,,,,,,
31-01-24,Petrol,Bills & Fees,Savings Bank,100,INR,EXPENSE,,,,,,,
31-01-24,Salary,Bills & Fees,Savings Bank,"22,700.00",INR,INCOME,,,,,,,
30-01-24,Baba,Bills & Fees,Savings Bank,100,INR,EXPENSE,,,,,,,
30-01-24,Sid,Bills & Fees,Savings Bank,200,INR,INCOME,,,,,,,
30-01-24,Oil,Bills & Fees,Savings Bank,100,INR,EXPENSE,,,,,,,
29-01-24,Baba,Bills & Fees,Savings Bank,100,INR,INCOME,,,,,,,
29-01-24,RtA,Transport,Savings Bank,35,INR,EXPENSE,,,,,,,
29-01-24,Tire,Bills & Fees,Savings Bank,700,INR,EXPENSE,,,,,,,
27-01-24,Adjust balance,,Cash,26,INR,INCOME,,,,,,,
27-01-24,Petrol,Bills & Fees,Savings Bank,250,INR,EXPENSE,,,,,,,
27-01-24,Noodles,Food & Drinks,Savings Bank,60,INR,EXPENSE,,,,,,,
27-01-24,Xerox,Bills & Fees,Savings Bank,5,INR,EXPENSE,,,,,,,
27-01-24,Xerox,Bills & Fees,Savings Bank,27,INR,EXPENSE,,,,,,,
26-01-24,Snacks,Food & Drinks,Savings Bank,50,INR,EXPENSE,,,,,,,
25-01-24,Snacks,Food & Drinks,Savings Bank,120,INR,EXPENSE,,,,,,,
24-01-24,AtR,Transport,Savings Bank,35,INR,EXPENSE,,,,,,,
24-01-24,Adjust Balance,,Savings Bank,1,INR,EXPENSE,,,,,,,
24-01-24,License,Bills & Fees,Savings Bank,300,INR,EXPENSE,,,,,,,
23-01-24,Snacks,Food & Drinks,Savings Bank,115,INR,EXPENSE,,,,,,,
22-01-24,Grand original,Bills & Fees,Savings Bank,30,INR,EXPENSE,,,,,,,
21-01-24,Shampoo,Bills & Fees,Savings Bank,4,INR,EXPENSE,,,,,,,
21-01-24,Haircut,Bills & Fees,Savings Bank,150,INR,EXPENSE,,,,,,,
20-01-24,Recharge,Bills & Fees,Savings Bank,259,INR,EXPENSE,,,,,,,
20-01-24,Auto,Transport,Cash,20,INR,EXPENSE,,,,,,,
18-01-24,Auto,Transport,Cash,20,INR,EXPENSE,,,,,,,
18-01-24,Snacks,Food & Drinks,Savings Bank,111,INR,EXPENSE,,,,,,,
16-01-24,Juice,Food & Drinks,Savings Bank,20,INR,EXPENSE,,,,,,,
16-01-24,Shawarma üåØ,Food & Drinks,Savings Bank,130,INR,EXPENSE,,,,,,,
16-01-24,Bike,Transport,Savings Bank,30,INR,EXPENSE,,,,,,,
16-01-24,Auto,Transport,Cash,20,INR,EXPENSE,,,,,,,
16-01-24,Rent,Bills & Fees,Savings Bank,"3,500.00",INR,EXPENSE,,,,,,,
15-01-24,Juice,Food & Drinks,Savings Bank,75,INR,EXPENSE,,,,,,,
14-01-24,Recharge,Bills & Fees,Savings Bank,0.9,INR,EXPENSE,,,,,,,
13-01-24,Snack,Transport,Savings Bank,30,INR,EXPENSE,,,,,,,
13-01-24,Snacks,Bills & Fees,Savings Bank,60,INR,EXPENSE,,,,,,,
13-01-24,Auto,Transport,Cash,20,INR,EXPENSE,,,,,,,
12-01-24,RtA,Transport,Savings Bank,35,INR,EXPENSE,,,,,,,
12-01-24,Burger AM,Food & Drinks,Savings Bank,99,INR,EXPENSE,,,,,,,
12-01-24,Breakfast,Food & Drinks,Savings Bank,30,INR,EXPENSE,,,,,,,
11-01-24,Aloo bhujia,Food & Drinks,Savings Bank,10,INR,EXPENSE,,,,,,,
11-01-24,Adjust balance,,Cash,16,INR,INCOME,,,,,,,
11-01-24,Something,,Cash,5,INR,EXPENSE,,,,,,,
11-01-24,Stonks,Bills & Fees,Savings Bank,400,INR,EXPENSE,,,,,,,
11-01-24,Bus,Transport,Cash,10,INR,EXPENSE,,,,,,,
11-01-24,AtR,Transport,Metro Card,35,INR,EXPENSE,,,,,,,
10-01-24,AtR,Transport,Metro Card,35,INR,EXPENSE,,,,,,,
10-01-24,Auto,Transport,Savings Bank,20,INR,EXPENSE,,,,,,,
09-01-24,Sid PayUp,Bills & Fees,Savings Bank,200,INR,EXPENSE,,,,,,,
09-01-24,Adjust balance,,Savings Bank,50.22,INR,EXPENSE,,,,,,,
09-01-24,Adjust balance,,Cash,20,INR,EXPENSE,,,,,,,
09-01-24,Sid PayUp,Bills & Fees,Savings Bank,200,INR,INCOME,,,,,,,
09-01-24,RtA,Transport,Savings Bank,35,INR,EXPENSE,,,,,,,
09-01-24,Recharge,,Savings Bank,0,INR,TRANSFER,100,INR,Metro Card,100,INR,,
09-01-24,Bus,Transport,Cash,20,INR,EXPENSE,,,,,,,
08-01-24,Payup,Food & Drinks,Savings Bank,280,INR,EXPENSE,,,,,,,
08-01-24,Scholarship,Bills & Fees,Savings Bank,40,INR,EXPENSE,,,,,,,
07-01-24,Juice,Food & Drinks,Cash,25,INR,EXPENSE,,,,,,,
07-01-24,Gala nyt,Bills & Fees,Savings Bank,600,INR,EXPENSE,,,,,,,
07-01-24,Parking,Bills & Fees,Savings Bank,15,INR,EXPENSE,,,,,,,
07-01-24,Stationary,Bills & Fees,Savings Bank,72,INR,EXPENSE,,,,,,,
06-01-24,Auto,Transport,Cash,20,INR,EXPENSE,,,,,,,
06-01-24,Bus,Transport,Cash,10,INR,EXPENSE,,,,,,,
06-01-24,Auto,Transport,Cash,20,INR,EXPENSE,,,,,,,
04-01-24,Snacks,Food & Drinks,Savings Bank,60,INR,EXPENSE,,,,,,,
04-01-24,Auto,Transport,Cash,20,INR,EXPENSE,,,,,,,
02-01-24,Auto,Transport,Cash,20,INR,EXPENSE,,,,,,,
02-01-24,Snacks,Food & Drinks,Savings Bank,50,INR,EXPENSE,,,,,,,
02-01-24,Auto,Transport,Savings Bank,20,INR,EXPENSE,,,,,,,
02-01-24,Bus,Transport,Cash,10,INR,EXPENSE,,,,,,,
01-01-24,Cake,Food & Drinks,Savings Bank,300,INR,EXPENSE,,,,,,,
01-01-24,Party,Bills & Fees,Savings Bank,350,INR,EXPENSE,,,,,,,
30-12-23,Breakfast,Food & Drinks,Savings Bank,30,INR,EXPENSE,,,,,,,
29-12-23,Goje Payback,Bills & Fees,Savings Bank,30,INR,INCOME,,,,,,,
29-12-23,Snacks,Food & Drinks,Savings Bank,100,INR,EXPENSE,,,,,,,
29-12-23,Help,,Cash,0,INR,TRANSFER,100,INR,Savings Bank,100,INR,,
29-12-23,Bus,Transport,Cash,10,INR,EXPENSE,,,,,,,
29-12-23,Auto,Transport,Cash,20,INR,EXPENSE,,,,,,,
28-12-23,Salary,Bills & Fees,Savings Bank,"3,130.00",INR,INCOME,,,,,,,
28-12-23,Breakfast,Food & Drinks,Savings Bank,30,INR,EXPENSE,,,,,,,
27-12-23,Auto,Transport,Savings Bank,20,INR,EXPENSE,,,,,,,
27-12-23,Auto,Transport,Cash,20,INR,EXPENSE,,,,,,,
27-12-23,Stationary,Bills & Fees,Savings Bank,35,INR,EXPENSE,,,,,,,
27-12-23,Bus,Transport,Cash,10,INR,EXPENSE,,,,,,,
26-12-23,Snacks,Food & Drinks,Savings Bank,30,INR,EXPENSE,,,,,,,
26-12-23,Lunch,Food & Drinks,Savings Bank,70,INR,EXPENSE,,,,,,,
26-12-23,Adjust balance,,Cash,45,INR,EXPENSE,,,,,,,
26-12-23,Breakfast,Food & Drinks,Savings Bank,35,INR,EXPENSE,,,,,,,
25-12-23,Bread,Food & Drinks,Savings Bank,70,INR,EXPENSE,,,,,,,
25-12-23,Lunch,Food & Drinks,Savings Bank,220,INR,EXPENSE,,,,,,,
25-12-23,Tea,Food & Drinks,Savings Bank,20,INR,EXPENSE,,,,,,,
25-12-23,Water,Food & Drinks,Savings Bank,20,INR,EXPENSE,,,,,,,
25-12-23,Breakfast,Food & Drinks,Savings Bank,60,INR,EXPENSE,,,,,,,
25-12-23,Breakfast,Food & Drinks,Savings Bank,40,INR,EXPENSE,,,,,,,
25-12-23,Chicken keema,Food & Drinks,Savings Bank,187.2,INR,EXPENSE,,,,,,,
25-12-23,Interest,,Savings Bank,30,INR,INCOME,,,,,,,
24-12-23,Breakfast,Food & Drinks,Savings Bank,30,INR,EXPENSE,,,,,,,
24-12-23,Coffee,Food & Drinks,Savings Bank,4,INR,EXPENSE,,,,,,,
24-12-23,Coffee,Food & Drinks,Cash,10,INR,EXPENSE,,,,,,,
23-12-23,Recharge,Bills & Fees,Savings Bank,259,INR,EXPENSE,,,,,,,
22-12-23,Snacks,Food & Drinks,Savings Bank,60,INR,EXPENSE,,,,,,,
22-12-23,Payup,Bills & Fees,Cash,200,INR,INCOME,,,,,,,
22-12-23,Payup,Bills & Fees,Savings Bank,700,INR,INCOME,,,,,,,
22-12-23,Auto,Transport,Savings Bank,20,INR,EXPENSE,,,,,,,
22-12-23,Ticket refund,Bills & Fees,Savings Bank,170.56,INR,INCOME,,,,,,,
22-12-23,Juice,Food & Drinks,Savings Bank,130,INR,EXPENSE,,,,,,,
22-12-23,Payup,Food & Drinks,Savings Bank,40,INR,INCOME,,,,,,,
22-12-23,Pizza,Food & Drinks,Savings Bank,170,INR,EXPENSE,,,,,,,
21-12-23,Tickets,Bills & Fees,Savings Bank,376,INR,EXPENSE,,,,,,,
21-12-23,Gift üéÅ,Bills & Fees,Savings Bank,"1,550.00",INR,EXPENSE,,,,,,,
21-12-23,Stonks Return,Bills & Fees,Savings Bank,83.66,INR,INCOME,,,,,,,
20-12-23,Shawarma üåØ,Food & Drinks,Savings Bank,330,INR,EXPENSE,,,,,,,
20-12-23,Snacks,Food & Drinks,Savings Bank,55,INR,EXPENSE,,,,,,,
20-12-23,Recharge,Bills & Fees,Savings Bank,257.9,INR,EXPENSE,,,,,,,
20-12-23,Bus,Transport,Cash,10,INR,EXPENSE,,,,,,,
20-12-23,Auto,Transport,Cash,20,INR,EXPENSE,,,,,,,
20-12-23,Snacks,Food & Drinks,Savings Bank,35,INR,EXPENSE,,,,,,,
19-12-23,Cashback,Bills & Fees,Savings Bank,3,INR,INCOME,,,,,,,
18-12-23,Adjust balance,,Cash,300,INR,INCOME,,,,,,,
18-12-23,Adjust balance,,Savings Bank,2,INR,INCOME,,,,,,,
18-12-23,Weekend,Food & Drinks,Savings Bank,290,INR,EXPENSE,,,,,,,
16-12-23,Card maintenance,Bills & Fees,Savings Bank,295,INR,EXPENSE,,,,,,,
16-12-23,Bus Pass,Transport,Savings Bank,430,INR,EXPENSE,,,,,,,
16-12-23,Auto,Transport,Savings Bank,20,INR,EXPENSE,,,,,,,
15-12-23,Goje Payback,Food & Drinks,Cash,30,INR,INCOME,,,,,,,
15-12-23,Sid PayUp,Food & Drinks,Savings Bank,40,INR,INCOME,,,,,,,
15-12-23,Juice,Food & Drinks,Savings Bank,40,INR,EXPENSE,,,,,,,
15-12-23,Snacks,Food & Drinks,Savings Bank,105,INR,EXPENSE,,,,,,,
15-12-23,Auto,Transport,Cash,20,INR,EXPENSE,,,,,,,
15-12-23,Snacks,Food & Drinks,Cash,70,INR,EXPENSE,,,,,,,
14-12-23,Snacks,Food & Drinks,Savings Bank,30,INR,EXPENSE,,,,,,,
13-12-23,Biryani,Bills & Fees,Savings Bank,520,INR,EXPENSE,,,,,,,
13-12-23,Bus,Transport,Cash,10,INR,EXPENSE,,,,,,,
13-12-23,Bus,Transport,Cash,10,INR,EXPENSE,,,,,,,
13-12-23,Auto,Transport,Cash,20,INR,EXPENSE,,,,,,,
12-12-23,Auto,Transport,Cash,20,INR,EXPENSE,,,,,,,
12-12-23,Bus,Transport,Cash,10,INR,EXPENSE,,,,,,,
11-12-23,Adjust balance,,Savings Bank,2,INR,EXPENSE,,,,,,,
11-12-23,Snacks,Food & Drinks,Savings Bank,30,INR,EXPENSE,,,,,,,
11-12-23,Auto,Transport,Savings Bank,20,INR,EXPENSE,,,,,,,
10-12-23,Bonda,Food & Drinks,Savings Bank,30,INR,EXPENSE,,,,,,,
09-12-23,Snacks,Food & Drinks,Savings Bank,130,INR,EXPENSE,,,,,,,
09-12-23,Gpay,Bills & Fees,Savings Bank,25,INR,INCOME,,,,,,,
09-12-23,,,Metro Card,2,INR,EXPENSE,,,,,,,
09-12-23,Auto,Transport,Cash,20,INR,EXPENSE,,,,,,,
08-12-23,Snacks,Food & Drinks,Savings Bank,70,INR,EXPENSE,,,,,,,
08-12-23,Adjust balance,,Savings Bank,5,INR,EXPENSE,,,,,,,
08-12-23,Printouts,Bills & Fees,Savings Bank,10,INR,EXPENSE,,,,,,,
08-12-23,Coke,Food & Drinks,Savings Bank,15,INR,EXPENSE,,,,,,,
08-12-23,Adjust balance,,Cash,95,INR,INCOME,,,,,,,
07-12-23,Auto,Transport,Savings Bank,20,INR,EXPENSE,,,,,,,
07-12-23,Withdraw,,Savings Bank,500,INR,EXPENSE,,,,,,,
07-12-23,Auto,Transport,Cash,20,INR,EXPENSE,,,,,,,
07-12-23,Adjust balance,,Cash,20,INR,EXPENSE,,,,,,,
07-12-23,Bus,Transport,Cash,10,INR,EXPENSE,,,,,,,
06-12-23,Bus,Transport,Cash,10,INR,EXPENSE,,,,,,,
06-12-23,Help,,Savings Bank,0,INR,TRANSFER,120,INR,Cash,120,INR,,
06-12-23,Auto,Transport,Savings Bank,20,INR,EXPENSE,,,,,,,
06-12-23,Adjust balance,,Cash,80,INR,INCOME,,,,,,,
06-12-23,Auto,Transport,Cash,20,INR,EXPENSE,,,,,,,
06-12-23,Bus,Transport,Cash,10,INR,EXPENSE,,,,,,,
05-12-23,Bus,Transport,Cash,10,INR,EXPENSE,,,,,,,
05-12-23,Auto,Transport,Cash,20,INR,EXPENSE,,,,,,,
04-12-23,Snacks,Food & Drinks,Savings Bank,75,INR,EXPENSE,,,,,,,
04-12-23,Jalebi,Food & Drinks,Savings Bank,50,INR,EXPENSE,,,,,,,
04-12-23,Bus,Transport,Cash,10,INR,EXPENSE,,,,,,,
04-12-23,Auto,Transport,Savings Bank,20,INR,EXPENSE,,,,,,,
02-12-23,Bus,Transport,Cash,10,INR,EXPENSE,,,,,,,
02-12-23,RtA,Transport,Metro Card,35,INR,EXPENSE,,,,,,,
01-12-23,Bus,Transport,Cash,20,INR,EXPENSE,,,,,,,
01-12-23,Adjust balance,,Cash,10,INR,EXPENSE,,,,,,,
01-12-23,Chotu,Bills & Fees,Savings Bank,220,INR,INCOME,,,,,,,
01-12-23,AtrR,Transport,Metro Card,35,INR,EXPENSE,,,,,,,
29-11-23,RtA,Transport,Metro Card,35,INR,EXPENSE,,,,,,,
29-11-23,AtrR,Transport,Metro Card,35,INR,EXPENSE,,,,,,,
29-11-23,Bus,Transport,Cash,20,INR,EXPENSE,,,,,,,
29-11-23,Biryani üçö,Food & Drinks,Savings Bank,520,INR,EXPENSE,,,,,,,
29-11-23,Shawarma üåØ,Food & Drinks,Savings Bank,140,INR,EXPENSE,,,,,,,
29-11-23,Lunch payup,Food & Drinks,Savings Bank,552,INR,EXPENSE,,,,,,8500264412,
29-11-23,Baba,Bills & Fees,Savings Bank,"10,000.00",INR,EXPENSE,,,,,,,
29-11-23,Salary,,Savings Bank,"22,283.00",INR,INCOME,,,,,,,
29-11-23,Chotu,Bills & Fees,Savings Bank,20,INR,EXPENSE,,,,,,,
28-11-23,Auto,Transport,Cash,20,INR,EXPENSE,,,,,,,
28-11-23,Juice,Food & Drinks,Savings Bank,20,INR,EXPENSE,,,,,,,
27-11-23,AtrR,Transport,Metro Card,35,INR,EXPENSE,,,,,,,
26-11-23,Bus,Transport,Cash,10,INR,EXPENSE,,,,,,,
26-11-23,Snacks,Food & Drinks,Savings Bank,30,INR,EXPENSE,,,,,,,
26-11-23,Shampoo,Bills & Fees,Savings Bank,4,INR,EXPENSE,,,,,,,
25-11-23,Auto,Transport,Cash,20,INR,EXPENSE,,,,,,,
25-11-23,Adjust balance,,Savings Bank,19.2,INR,EXPENSE,,,,,,,
25-11-23,Exam fees,Bills & Fees,Savings Bank,800,INR,EXPENSE,,,,,,,
24-11-23,Snacks,Food & Drinks,Savings Bank,35,INR,EXPENSE,,,,,,,
23-11-23,Bus,Transport,Cash,10,INR,EXPENSE,,,,,,,
23-11-23,AtrR,Transport,Metro Card,35,INR,EXPENSE,,,,,,,
23-11-23,Something,Bills & Fees,Savings Bank,50,INR,EXPENSE,,,,,,,
22-11-23,Recharge,,Savings Bank,0,INR,TRANSFER,200,INR,Metro Card,200,INR,,
22-11-23,AtrR,Transport,Metro Card,35,INR,EXPENSE,,,,,,,
22-11-23,Bus,Transport,Cash,10,INR,EXPENSE,,,,,,,
21-11-23,Curd,Bills & Fees,Savings Bank,46,INR,EXPENSE,,,,,,,
21-11-23,Snacks,Food & Drinks,Savings Bank,30,INR,EXPENSE,,,,,,,
21-11-23,Bus,Transport,Cash,10,INR,EXPENSE,,,,,,,
21-11-23,Chotu pass,Bills & Fees,Savings Bank,200,INR,EXPENSE,,,,,,,
21-11-23,AtrR,Transport,Metro Card,35,INR,EXPENSE,,,,,,,
21-11-23,Recharge,Bills & Fees,Savings Bank,259,INR,EXPENSE,,,,,,,
20-11-23,Bus,Transport,Cash,10,INR,EXPENSE,,,,,,,
20-11-23,Maa,Bills & Fees,Cash,50,INR,EXPENSE,,,,,,,
20-11-23,AtR,Transport,Metro Card,35,INR,EXPENSE,,,,,,,
19-11-23,Adjust balance,,Cash,20,INR,INCOME,,,,,,,
18-11-23,Bus pass,Transport,Savings Bank,430,INR,EXPENSE,,,,,,,
18-11-23,Auto,Transport,Cash,20,INR,EXPENSE,,,,,,,
18-11-23,Bus,Transport,Cash,10,INR,EXPENSE,,,,,,,
17-11-23,Withdraw,,Savings Bank,0,INR,TRANSFER,200,INR,Cash,200,INR,,
17-11-23,Saman,Bills & Fees,Savings Bank,153,INR,EXPENSE,,,,,,,
17-11-23,Bus,Transport,Cash,10,INR,EXPENSE,,,,,,,
17-11-23,AtR,Transport,Metro Card,35,INR,EXPENSE,,,,,,,
16-11-23,RtA,Transport,Metro Card,35,INR,EXPENSE,,,,,,,
16-11-23,Bus,Transport,Cash,10,INR,EXPENSE,,,,,,,
16-11-23,Adjust balance,,Cash,20,INR,EXPENSE,,,,,,,
16-11-23,AtR,Transport,Metro Card,35,INR,EXPENSE,,,,,,,
16-11-23,Recharge,,Savings Bank,0,INR,TRANSFER,200,INR,Metro Card,200,INR,,
15-11-23,AtR,Transport,Savings Bank,35,INR,EXPENSE,,,,,,,
14-11-23,Adjust balance,,Savings Bank,13.2,INR,INCOME,,,,,,,
14-11-23,Auto,Transport,Cash,20,INR,EXPENSE,,,,,,,
14-11-23,Maa,,Cash,20,INR,EXPENSE,,,,,,,
13-11-23,Print,Bills & Fees,Savings Bank,100,INR,EXPENSE,,,,,,,
13-11-23,AtR,Transport,Savings Bank,35,INR,EXPENSE,,,,,,,
12-11-23,Snacks,Food & Drinks,Savings Bank,70,INR,EXPENSE,,,,,,,
12-11-23,Clothes,Bills & Fees,Savings Bank,"1,050.00",INR,EXPENSE,,,,,,,
12-11-23,Clothes,Bills & Fees,Savings Bank,"1,607.00",INR,EXPENSE,,,,,,,
11-11-23,Snacks,Food & Drinks,Savings Bank,105,INR,EXPENSE,,,,,,,
11-11-23,Snacks,Food & Drinks,Savings Bank,140,INR,EXPENSE,,,,,,,
11-11-23,Bus,Transport,Cash,10,INR,EXPENSE,,,,,,,
11-11-23,Auto,Transport,Cash,20,INR,EXPENSE,,,,,,,
10-11-23,Haircut,Bills & Fees,Savings Bank,150,INR,EXPENSE,,,,,,,
10-11-23,Bus,Transport,Cash,10,INR,EXPENSE,,,,,,,
10-11-23,RtA,Transport,Metro Card,35,INR,EXPENSE,,,,,,,
10-11-23,AtR,Transport,Metro Card,35,INR,EXPENSE,,,,,,,
09-11-23,AtR,Transport,Metro Card,35,INR,EXPENSE,,,,,,,
09-11-23,RtA,Transport,Metro Card,35,INR,EXPENSE,,,,,,,
09-11-23,Bus,Transport,Cash,10,INR,EXPENSE,,,,,,,
08-11-23,RtA,Transport,Metro Card,35,INR,EXPENSE,,,,,,,
08-11-23,AtR,Transport,Metro Card,35,INR,EXPENSE,,,,,,,
08-11-23,DishTV,Bills & Fees,Savings Bank,220,INR,EXPENSE,,,,,,,
08-11-23,Juice,Food & Drinks,Savings Bank,10,INR,EXPENSE,,,,,,,
08-11-23,Recharge,,Savings Bank,0,INR,TRANSFER,200,INR,Metro Card,200,INR,,
07-11-23,RtA,Transport,Metro Card,35,INR,EXPENSE,,,,,,,
07-11-23,Electricity,Bills & Fees,Savings Bank,774,INR,EXPENSE,,,,,,,
07-11-23,AtR,Transport,Metro Card,35,INR,EXPENSE,,,,,,,
07-11-23,Rapido,Transport,Savings Bank,44,INR,EXPENSE,,,,,,,
06-11-23,AtR,Transport,Metro Card,35,INR,EXPENSE,,,,,,,
05-11-23,Maida,Bills & Fees,Savings Bank,25,INR,EXPENSE,,,,,,,
05-11-23,Adjust,,Savings Bank,30,INR,EXPENSE,,,,,,,
04-11-23,Sid,Food & Drinks,Savings Bank,140,INR,EXPENSE,,,,,,,
04-11-23,Printouts,Bills & Fees,Savings Bank,385,INR,EXPENSE,,,,,,,
04-11-23,Treat,Food & Drinks,Savings Bank,650,INR,EXPENSE,,,,,,,
03-11-23,Chotu,Bills & Fees,Savings Bank,"2,400.00",INR,INCOME,,,,,,,
03-11-23,Seminar print,Bills & Fees,Savings Bank,104,INR,EXPENSE,,,,,,,
03-11-23,AtR,Transport,Metro Card,35,INR,EXPENSE,,,,,,,
02-11-23,Amazon,Bills & Fees,Savings Bank,"1,899.00",INR,EXPENSE,,,,,,,
02-11-23,AtR,Transport,Metro Card,35,INR,EXPENSE,,,,,,,
01-11-23,Grocery,Bills & Fees,Savings Bank,"2,320.78",INR,EXPENSE,,,,,,,
01-11-23,Biryani,Food & Drinks,Savings Bank,520,INR,EXPENSE,,,,,,,
01-11-23,Recharge,,Savings Bank,0,INR,TRANSFER,200,INR,Metro Card,200,INR,,
01-11-23,AtR,Transport,Metro Card,35,INR,EXPENSE,,,,,,,
01-11-23,Bus,Transport,Cash,10,INR,EXPENSE,,,,,,,
01-11-23,Bus,Transport,Cash,10,INR,EXPENSE,,,,,,,
01-11-23,Shampoo,Bills & Fees,Savings Bank,4,INR,EXPENSE,,,,,,,
31-10-23,Salary,Bills & Fees,Savings Bank,"11,033.00",INR,INCOME,,,,,,,
31-10-23,Bus,Transport,Cash,10,INR,EXPENSE,,,,,,,
31-10-23,AtR,Transport,Metro Card,35,INR,EXPENSE,,,,,,,
30-10-23,Bus,Transport,Cash,20,INR,EXPENSE,,,,,,,
30-10-23,Bus,Transport,Cash,20,INR,EXPENSE,,,,,,,
28-10-23,Snacks,Food & Drinks,Savings Bank,30,INR,EXPENSE,,,,,,,
27-10-23,AtR,Transport,Metro Card,35,INR,EXPENSE,,,,,,,
27-10-23,Bus,Transport,Cash,10,INR,EXPENSE,,,,,,,
27-10-23,Recharge,,Savings Bank,0,INR,TRANSFER,100,INR,Metro Card,100,INR,,
26-10-23,AtR,Transport,Metro Card,35,INR,EXPENSE,,,,,,,
26-10-23,Bus,Transport,Cash,10,INR,EXPENSE,,,,,,,
26-10-23,Chotu,Bills & Fees,Savings Bank,200,INR,EXPENSE,,,,,,,
26-10-23,Bus,Transport,Cash,10,INR,EXPENSE,,,,,,,
25-10-23,Adjust balance,,Metro Card,35,INR,EXPENSE,,,,,,,
25-10-23,Adjust balance,,Cash,44,INR,EXPENSE,,,,,,,
25-10-23,Nidhish Payup,Bills & Fees,Savings Bank,60,INR,EXPENSE,,,,,,,
25-10-23,Recharge,Bills & Fees,Savings Bank,470.82,INR,EXPENSE,,,,,,,
25-10-23,Baba,Bills & Fees,Savings Bank,600,INR,INCOME,,,,,,,
24-10-23,Biryani üçö,Food & Drinks,Savings Bank,356,INR,EXPENSE,,,,,,,
24-10-23,Maa,Bills & Fees,Savings Bank,200,INR,INCOME,,,,,,,
24-10-23,Egg Roll üåØ,Food & Drinks,Savings Bank,140,INR,EXPENSE,,,,,,,
24-10-23,Bus Pass üí≥,Transport,Savings Bank,440,INR,EXPENSE,,,,,,,
24-10-23,Adjust,Bills & Fees,Savings Bank,40,INR,EXPENSE,,,,,,,
23-10-23,Rapido üö≤,Transport,Savings Bank,74,INR,EXPENSE,,,,,,,
23-10-23,Adjust,Bills & Fees,Savings Bank,10,INR,EXPENSE,,,,,,,
22-10-23,Egg roll üåØ,Food & Drinks,Savings Bank,160,INR,EXPENSE,,,,,,,
22-10-23,Nidhish Paid,Bills & Fees,Savings Bank,60,INR,INCOME,,,,,,,
22-10-23,Recharge,Bills & Fees,Savings Bank,259,INR,EXPENSE,,,,,,,
22-10-23,Bus,Transport,Cash,30,INR,EXPENSE,,,,,,,
22-10-23,Bus,Transport,Cash,20,INR,EXPENSE,,,,,,,
22-10-23,Snacks,Food & Drinks,Savings Bank,30,INR,EXPENSE,,,,,,,
22-10-23,Maa,Bills & Fees,Cash,50,INR,EXPENSE,,,,,,,
21-10-23,Juice,Food & Drinks,Cash,30,INR,EXPENSE,,,,,,,
21-10-23,Auto,Transport,Cash,20,INR,EXPENSE,,,,,,,
20-10-23,Bus,Transport,Cash,30,INR,EXPENSE,,,,,,,
20-10-23,PtA,Transport,Metro Card,10,INR,EXPENSE,,,,,,,
20-10-23,HtP,Transport,Metro Card,35,INR,EXPENSE,,,,,,,
20-10-23,AtR,Transport,Metro Card,35,INR,EXPENSE,,,,,,,
20-10-23,Bus,Transport,Cash,30,INR,EXPENSE,,,,,,,
19-10-23,RtA,Transport,Metro Card,45,INR,EXPENSE,,,,,,,
19-10-23,AtR,Transport,Metro Card,35,INR,EXPENSE,,,,,,,
18-10-23,Recharge,,Savings Bank,0,INR,TRANSFER,50,INR,Metro Card,50,INR,,
18-10-23,Snacks,Food & Drinks,Cash,30,INR,EXPENSE,,,,,,,
18-10-23,Withdraw,,Savings Bank,0,INR,TRANSFER,500,INR,Cash,500,INR,,
18-10-23,Bus,Transport,Cash,10,INR,EXPENSE,,,,,,,
18-10-23,AtR,Transport,Metro Card,35,INR,EXPENSE,,,,,,,
18-10-23,Adjust balance,,Savings Bank,20,INR,INCOME,,,,,,,
18-10-23,Recharge,,Savings Bank,0,INR,TRANSFER,200,INR,Metro Card,200,INR,,
17-10-23,Stonks,Bills & Fees,Savings Bank,111,INR,EXPENSE,,,,,,,
17-10-23,Bus,Transport,Cash,10,INR,EXPENSE,,,,,,,
17-10-23,Bus,Transport,Cash,10,INR,EXPENSE,,,,,,,
17-10-23,Metro,Transport,Savings Bank,35,INR,EXPENSE,,,,,,,
17-10-23,Chotu,Bills & Fees,Savings Bank,"1,000.00",INR,EXPENSE,,,,,,,
17-10-23,Baba,Bills & Fees,Savings Bank,"2,000.00",INR,EXPENSE,,,,,,,
16-10-23,Capt. Payment,Bills & Fees,Savings Bank,"5,000.00",INR,INCOME,,,,,,,
15-10-23,Adjust balance,,Savings Bank,35,INR,EXPENSE,,,,,,,
15-10-23,Adjust balance,,Cash,8,INR,INCOME,,,,,,,
06-10-23,Auto,Transport,Cash,20,INR,EXPENSE,,,,,,,
06-10-23,Auto,Transport,Cash,20,INR,EXPENSE,,,,,,,
05-10-23,Auto,Transport,Cash,20,INR,EXPENSE,,,,,,,
05-10-23,Baba,Bills & Fees,Cash,90,INR,INCOME,,,,,,,
03-10-23,Auto,Transport,Cash,20,INR,EXPENSE,,,,,,,
03-10-23,Bus,Transport,Cash,10,INR,EXPENSE,,,,,,,
30-09-23,Baba,Bills & Fees,Savings Bank,500,INR,EXPENSE,,,,,,,
30-09-23,Snacks,Food & Drinks,Savings Bank,55,INR,EXPENSE,,,,,,,
29-09-23,Auto+Bus,Transport,Cash,30,INR,EXPENSE,,,,,,,
28-09-23,Baba,Bills & Fees,Savings Bank,500,INR,EXPENSE,,,,,,,
28-09-23,Snacks,Food & Drinks,Savings Bank,70,INR,EXPENSE,,,,,,,
28-09-23,Adjust balance,,Cash,4,INR,EXPENSE,,,,,,,
28-09-23,Baba,Bills & Fees,Savings Bank,"1,000.00",INR,EXPENSE,,,,,,,
28-09-23,Chotu,Bills & Fees,Cash,20,INR,EXPENSE,,,,,,,
27-09-23,Auto,Transport,Cash,20,INR,EXPENSE,,,,,,,
27-09-23,Sid,Bills & Fees,Savings Bank,40,INR,EXPENSE,,,,,,,
25-09-23,Interest,Bills & Fees,Savings Bank,3,INR,INCOME,,,,,,,
25-09-23,Snacks,Food & Drinks,Savings Bank,25,INR,EXPENSE,,,,,,,
25-09-23,Jalebi,Food & Drinks,Savings Bank,20,INR,EXPENSE,,,,,,,
25-09-23,Auto,Transport,Savings Bank,20,INR,EXPENSE,,,,,,,
25-09-23,Bus,Transport,Cash,10,INR,EXPENSE,,,,,,,
23-09-23,Recharge,Bills & Fees,Savings Bank,259,INR,EXPENSE,,,,,,,
23-09-23,Adjust balance,,Savings Bank,20,INR,EXPENSE,,,,,,,
23-09-23,Adjust balance,,Cash,40,INR,EXPENSE,,,,,,,
23-09-23,Auto,Transport,Cash,20,INR,EXPENSE,,,,,,,
23-09-23,Bus,Transport,Cash,10,INR,EXPENSE,,,,,,,
23-09-23,Chotu,Bills & Fees,Savings Bank,50,INR,EXPENSE,,,,,,,
22-09-23,Auto,Transport,Cash,20,INR,EXPENSE,,,,,,,
21-09-23,Advance,,Savings Bank,"3,001.00",INR,INCOME,,,,,,,
20-09-23,Auto,Transport,Cash,20,INR,EXPENSE,,,,,,,
19-09-23,Prints,Bills & Fees,Savings Bank,5,INR,EXPENSE,,,,,,,
19-09-23,Auto,Transport,Cash,20,INR,EXPENSE,,,,,,,
19-09-23,Bus,Transport,Cash,10,INR,EXPENSE,,,,,,,
18-09-23,Parking,Bills & Fees,Cash,25,INR,EXPENSE,,,,,,,
16-09-23,Snacks,Food & Drinks,Savings Bank,30,INR,EXPENSE,,,,,,,
15-09-23,Pastry,Food & Drinks,Cash,100,INR,EXPENSE,,,,,,,
15-09-23,Transport,Transport,Cash,45,INR,EXPENSE,,,,,,,
15-09-23,Bus incident,,Savings Bank,0,INR,TRANSFER,20,INR,Cash,20,INR,,
15-09-23,Snacks,Food & Drinks,Savings Bank,30,INR,INCOME,,,,,,,
15-09-23,Drink,Transport,Savings Bank,10,INR,EXPENSE,,,,,,,
15-09-23,Snacks,Food & Drinks,Savings Bank,60,INR,EXPENSE,,,,,,,
14-09-23,Adjust balance,,Cash,10,INR,EXPENSE,,,,,,,
14-09-23,Adjust balance,,Savings Bank,30,INR,EXPENSE,,,,,,,
14-09-23,Snacks,Food & Drinks,Savings Bank,30,INR,EXPENSE,,,,,,,
14-09-23,Sid,Bills & Fees,Savings Bank,56,INR,EXPENSE,,,,,,,
14-09-23,Bus,Transport,Cash,10,INR,EXPENSE,,,,,,,
13-09-23,Auto,Transport,Cash,20,INR,EXPENSE,,,,,,,
11-09-23,Auto,Transport,Cash,20,INR,EXPENSE,,,,,,,
11-09-23,Bus,Transport,Cash,10,INR,EXPENSE,,,,,,,
11-09-23,Auto,Transport,Cash,20,INR,EXPENSE,,,,,,,
10-09-23,Snacks,Food & Drinks,Savings Bank,140,INR,EXPENSE,,,,,,,
09-09-23,Auto,Transport,Cash,20,INR,EXPENSE,,,,,,,
08-09-23,,,Savings Bank,64,INR,EXPENSE,,,,,,,
08-09-23,Withdraw,,Savings Bank,0,INR,TRANSFER,500,INR,Cash,500,INR,,
08-09-23,Auto,Transport,Cash,20,INR,EXPENSE,,,,,,,
08-09-23,Bus,Transport,Cash,10,INR,EXPENSE,,,,,,,
07-09-23,Snacks,Food & Drinks,Cash,30,INR,EXPENSE,,,,,,,
06-09-23,Bus,Transport,Cash,10,INR,EXPENSE,,,,,,,
06-09-23,Adjust balance,,Cash,20,INR,EXPENSE,,,,,,,
06-09-23,Adjust balance,,Savings Bank,"1,040.00",INR,INCOME,,,,,,,
23-08-23,Bus,Transport,Cash,10,INR,EXPENSE,,,,,,,
22-08-23,Auto,Transport,Cash,20,INR,EXPENSE,,,,,,,
21-08-23,Pass,Transport,Cash,430,INR,EXPENSE,,,,,,,
21-08-23,Auto,Transport,Cash,20,INR,EXPENSE,,,,,,,
21-08-23,Bus,Transport,Cash,30,INR,EXPENSE,,,,,,,
21-08-23,Auto,Transport,Cash,20,INR,EXPENSE,,,,,,,
21-08-23,Add,Bills & Fees,Cash,50,INR,INCOME,,,,,,,
18-08-23,Chotu,Bills & Fees,Cash,10,INR,EXPENSE,,,,,,,
18-08-23,Auto,Transport,Cash,20,INR,EXPENSE,,,,,,,
18-08-23,Pocket Money,Bills & Fees,Cash,600,INR,INCOME,,,,,,,
18-08-23,Bus,Transport,Cash,10,INR,EXPENSE,,,,,,,
17-08-23,Auto,Transport,Cash,20,INR,EXPENSE,,,,,,,
17-08-23,Stickers,Bills & Fees,Savings Bank,20,INR,EXPENSE,,,,,,,
16-08-23,Stationary,Bills & Fees,Savings Bank,50,INR,EXPENSE,,,,,,,
16-08-23,Juice,Food & Drinks,Savings Bank,40,INR,EXPENSE,,,,,,,
16-08-23,Goje payback,Bills & Fees,Savings Bank,50,INR,INCOME,,,,,,,
16-08-23,Samosa,Food & Drinks,Savings Bank,60,INR,EXPENSE,,,,,,,
16-08-23,Auto,Transport,Cash,20,INR,EXPENSE,,,,,,,
16-08-23,Auto,Transport,Cash,20,INR,EXPENSE,,,,,,,
16-08-23,Auto,Transport,Cash,20,INR,EXPENSE,,,,,,,
15-08-23,Bus,Transport,Cash,10,INR,EXPENSE,,,,,,,
14-08-23,Bus,Transport,Cash,10,INR,EXPENSE,,,,,,,
14-08-23,Juice,Food & Drinks,Savings Bank,15,INR,EXPENSE,,,,,,,
14-08-23,Auto,Transport,Cash,20,INR,EXPENSE,,,,,,,
12-08-23,Bus,Transport,Cash,10,INR,EXPENSE,,,,,,,
11-08-23,Auto,Transport,Cash,20,INR,EXPENSE,,,,,,,
10-08-23,,,Cash,200,INR,INCOME,,,,,,,
10-08-23,Auto,Transport,Cash,20,INR,EXPENSE,,,,,,,
09-08-23,Auto,Transport,Cash,20,INR,EXPENSE,,,,,,,
08-08-23,Snacks,Food & Drinks,Savings Bank,30,INR,EXPENSE,,,,,,,
08-08-23,Auto,Transport,Cash,20,INR,EXPENSE,,,,,,,
07-08-23,Bus,Transport,Cash,10,INR,EXPENSE,,,,,,,
05-08-23,Auto,Transport,Savings Bank,20,INR,EXPENSE,,,,,,,
05-08-23,Auto,Transport,Cash,40,INR,EXPENSE,,,,,,,
04-08-23,Snacks,Food & Drinks,Savings Bank,20,INR,EXPENSE,,,,,,,
04-08-23,Bus,Transport,Cash,10,INR,EXPENSE,,,,,,,
02-08-23,Computer stuff,Bills & Fees,Savings Bank,470,INR,EXPENSE,,,,,,,
31-07-23,Goje,,Savings Bank,10,INR,EXPENSE,,,,,,,
31-07-23,Auto,Transport,Cash,20,INR,EXPENSE,,,,,,,
31-07-23,Bus,Transport,Cash,10,INR,EXPENSE,,,,,,,
29-07-23,Shawarma,Food & Drinks,Savings Bank,120,INR,EXPENSE,,,,,,,
28-07-23,Adjust balance,,Cash,30,INR,EXPENSE,,,,,,,
28-07-23,Bus,Transport,Cash,10,INR,EXPENSE,,,,,,,
28-07-23,Bus,Transport,Cash,10,INR,EXPENSE,,,,,,,
27-07-23,Bus,Transport,Cash,10,INR,EXPENSE,,,,,,,
24-07-23,Auto,Transport,Cash,20,INR,EXPENSE,,,,,,,
24-07-23,,,Cash,100,INR,INCOME,,,,,,,
23-07-23,Chotu,Bills & Fees,Cash,20,INR,EXPENSE,,,,,,,
22-07-23,Something,Bills & Fees,Savings Bank,5,INR,EXPENSE,,,,,,,
21-07-23,Recharge,Bills & Fees,Savings Bank,259,INR,EXPENSE,,,,,,,
19-07-23,Adjust balance,,Cash,10,INR,EXPENSE,,,,,,,
19-07-23,Bus,Transport,Cash,10,INR,EXPENSE,,,,,,,
18-07-23,Pocket money,,Savings Bank,"1,000.00",INR,INCOME,,,,,,,
18-07-23,Curd,Bills & Fees,Savings Bank,48,INR,EXPENSE,,,,,,,
14-07-23,Auto,Transport,Cash,20,INR,EXPENSE,,,,,,,
14-07-23,Snacks,Food & Drinks,Savings Bank,80,INR,EXPENSE,,,,,,,
13-07-23,Adjust balance,,Savings Bank,10,INR,EXPENSE,,,,,,,
13-07-23,Adjust balance,,Metro Card,95,INR,EXPENSE,,,,,,,
13-07-23,üñäÔ∏è,Bills & Fees,Savings Bank,10,INR,EXPENSE,,,,,,,
12-07-23,Bus,Transport,Cash,10,INR,EXPENSE,,,,,,,
12-07-23,Juice,Food & Drinks,Cash,20,INR,EXPENSE,,,,,,,
12-07-23,Snacks,Food & Drinks,Savings Bank,50,INR,EXPENSE,,,,,,,
12-07-23,Auto,Transport,Cash,20,INR,EXPENSE,,,,,,,
10-07-23,Auto,Transport,Cash,20,INR,EXPENSE,,,,,,,
05-07-23,Bus,Transport,Cash,10,INR,EXPENSE,,,,,,,
05-07-23,Auto,Transport,Cash,20,INR,EXPENSE,,,,,,,
04-07-23,,,Cash,210,INR,INCOME,,,,,,,
04-07-23,Pen,Bills & Fees,Savings Bank,10,INR,EXPENSE,,,,,,,
04-07-23,,,Savings Bank,84,INR,INCOME,,,,,,,
13-06-23,,Food & Drinks,Savings Bank,60,INR,EXPENSE,,,,,,,
12-06-23,Goje,Food & Drinks,Savings Bank,20,INR,EXPENSE,,,,,,,
11-06-23,Mom,Bills & Fees,Savings Bank,"11,500.00",INR,EXPENSE,,,,,,,
10-06-23,Book,Bills & Fees,Savings Bank,180,INR,EXPENSE,,,,,,,
10-06-23,,,Savings Bank,0,INR,TRANSFER,100,INR,Metro Card,100,INR,,
10-06-23,Salary,Bills & Fees,Savings Bank,"8,000.00",INR,INCOME,,,,,,,
10-06-23,Bus,Transport,Cash,10,INR,EXPENSE,,,,,,,
09-06-23,Bus,Transport,Cash,10,INR,EXPENSE,,,,,,,
09-06-23,,,Cash,3,INR,INCOME,,,,,,,
09-06-23,Bus,Transport,Cash,20,INR,EXPENSE,,,,,,,
09-06-23,Maa,,Cash,50,INR,EXPENSE,,,,,,,
08-06-23,Bus,Transport,Cash,10,INR,EXPENSE,,,,,,,
07-06-23,Juice,Food & Drinks,Savings Bank,20,INR,EXPENSE,,,,,,,
07-06-23,Exam fees,Bills & Fees,Savings Bank,800,INR,EXPENSE,,,,,,,
07-06-23,Auto,Transport,Cash,20,INR,EXPENSE,,,,,,,
07-06-23,Record books,Bills & Fees,Savings Bank,360,INR,EXPENSE,,,,,,,
06-06-23,Chotu,,Savings Bank,0,INR,TRANSFER,170,INR,Cash,170,INR,,
06-06-23,Adjust,,Cash,60,INR,EXPENSE,,,,,,,
06-06-23,Adjust,,Cash,100,INR,EXPENSE,,,,,,,
06-06-23,Auto,Transport,Savings Bank,20,INR,EXPENSE,,,,,,,
05-06-23,Auto,Transport,Savings Bank,20,INR,EXPENSE,,,,,,,
05-06-23,Juice,Food & Drinks,Savings Bank,10,INR,EXPENSE,,,,,,,
05-06-23,Snacks,Food & Drinks,Savings Bank,25,INR,EXPENSE,,,,,,,
05-06-23,Auto,Transport,Savings Bank,20,INR,EXPENSE,,,,,,,
04-06-23,Adjust,,Savings Bank,40,INR,EXPENSE,,,,,,,
03-06-23,Juice,Food & Drinks,Savings Bank,20,INR,EXPENSE,,,,,,,
03-06-23,Juice,Food & Drinks,Savings Bank,20,INR,EXPENSE,,,,,,,
02-06-23,Bus,Transport,Cash,30,INR,EXPENSE,,,,,,,
01-06-23,Bus,Transport,Cash,10,INR,EXPENSE,,,,,,,
01-06-23,Medic,Bills & Fees,Savings Bank,53.27,INR,EXPENSE,,,,,,,
31-05-23,Bus,Transport,Cash,10,INR,EXPENSE,,,,,,,
31-05-23,Bus,Transport,Cash,20,INR,EXPENSE,,,,,,,
30-05-23,Auto,Transport,Cash,20,INR,EXPENSE,,,,,,,
30-05-23,Maa,,Cash,10,INR,EXPENSE,,,,,,,
29-05-23,Juice,Food & Drinks,Savings Bank,20,INR,EXPENSE,,,,,,,
29-05-23,Auto,Transport,Savings Bank,20,INR,EXPENSE,,,,,,,
28-05-23,Adjust,,Cash,7,INR,INCOME,,,,,,,
28-05-23,Adjust,,Cash,153,INR,INCOME,,,,,,,
28-05-23,Suit,Bills & Fees,Savings Bank,"3,499.00",INR,EXPENSE,,,,,,,
27-05-23,Breakfast,Food & Drinks,Savings Bank,30,INR,EXPENSE,,,,,,,
26-05-23,Baba payback,,Savings Bank,"1,400.00",INR,EXPENSE,,,,,,,
25-05-23,Bus,Transport,Cash,10,INR,EXPENSE,,,,,,,
25-05-23,Bus,Transport,Cash,20,INR,EXPENSE,,,,,,,
24-05-23,Juice,Food & Drinks,Savings Bank,25,INR,EXPENSE,,,,,,,
24-05-23,Auto,Transport,Cash,20,INR,EXPENSE,,,,,,,
23-05-23,Auto+Bus,Transport,Cash,50,INR,EXPENSE,,,,,,,
23-05-23,Bus,Transport,Cash,10,INR,EXPENSE,,,,,,,
23-05-23,Bus,Transport,Cash,10,INR,EXPENSE,,,,,,,
23-05-23,Bus,Transport,Cash,10,INR,EXPENSE,,,,,,,
21-05-23,Recharge,Bills & Fees,Savings Bank,259,INR,EXPENSE,,,,,,,
20-05-23,Shrenik paid,,Savings Bank,150,INR,INCOME,,,,,,,
20-05-23,Snacks,Food & Drinks,Savings Bank,100,INR,EXPENSE,,,,,,,
20-05-23,Ice cream,Food & Drinks,Savings Bank,30,INR,EXPENSE,,,,,,,
20-05-23,OGT paid,,Savings Bank,"2,000.00",INR,INCOME,,,,,,,
20-05-23,Chotu,,Cash,10,INR,EXPENSE,,,,,,,
19-05-23,Bus pass,Transport,Cash,430,INR,EXPENSE,,,,,,,
19-05-23,Withdraw,,Savings Bank,0,INR,TRANSFER,500,INR,Cash,500,INR,,
18-05-23,Ice cream,Food & Drinks,Savings Bank,75,INR,EXPENSE,,,,,,,
18-05-23,RtA,Transport,Metro Card,35,INR,EXPENSE,,,,,,,
18-05-23,Snacks,Food & Drinks,Cash,30,INR,EXPENSE,,,,,,,
18-05-23,Bus,Transport,Cash,10,INR,EXPENSE,,,,,,,
18-05-23,Withdraw,,Savings Bank,0,INR,TRANSFER,200,INR,Cash,200,INR,,
17-05-23,Bus,Transport,Cash,30,INR,EXPENSE,,,,,,,
16-05-23,Bus,Transport,Cash,20,INR,EXPENSE,,,,,,,
16-05-23,Snacks,Food & Drinks,Cash,30,INR,EXPENSE,,,,,,,
14-05-23,Adjust,,Cash,30,INR,INCOME,,,,,,,
14-05-23,Sid payUp,,Savings Bank,631,INR,EXPENSE,,,,,,,
13-05-23,Payment,,Savings Bank,"8,000.00",INR,INCOME,,,,,,,
13-05-23,Juice,Food & Drinks,Savings Bank,40,INR,EXPENSE,,,,,,,
13-05-23,Juice,Food & Drinks,Savings Bank,10,INR,EXPENSE,,,,,,,
13-05-23,Auto,Transport,Cash,20,INR,EXPENSE,,,,,,,
12-05-23,Auto,Transport,Savings Bank,20,INR,EXPENSE,,,,,,,
11-05-23,Auto,Transport,Cash,20,INR,EXPENSE,,,,,,,
10-05-23,Auto,Transport,Cash,20,INR,EXPENSE,,,,,,,
10-05-23,Snacks,Food & Drinks,Cash,15,INR,EXPENSE,,,,,,,
09-05-23,Bus: RtG,Transport,Cash,10,INR,EXPENSE,,,,,,,
09-05-23,,Transport,Cash,40,INR,INCOME,,,,,,,
09-05-23,Bus,Transport,Cash,10,INR,EXPENSE,,,,,,,
08-05-23,Bus,Transport,Cash,10,INR,EXPENSE,,,,,,,
08-05-23,Auto,Transport,Cash,20,INR,EXPENSE,,,,,,,
07-05-23,,Bills & Fees,Savings Bank,8,INR,EXPENSE,,,,,,,
07-05-23,Snack,Food & Drinks,Savings Bank,30,INR,EXPENSE,,,,,,,
06-05-23,Bus,Transport,Cash,10,INR,EXPENSE,,,,,,,
06-05-23,Auto,Transport,Cash,20,INR,EXPENSE,,,,,,,
05-05-23,Stonks Return,Bills & Fees,Savings Bank,50.43,INR,INCOME,,,,,,,
05-05-23,Goje,Food & Drinks,Cash,40,INR,INCOME,,,,,,,
05-05-23,Bonda,Food & Drinks,Savings Bank,70,INR,EXPENSE,,,,,,,
04-05-23,Auto,Transport,Cash,20,INR,EXPENSE,,,,,,,
03-05-23,RtA,Transport,Metro Card,35,INR,EXPENSE,,,,,,,
03-05-23,Bus,Transport,Cash,20,INR,EXPENSE,,,,,,,
03-05-23,Bus,Transport,Cash,20,INR,EXPENSE,,,,,,,
03-05-23,Withdraw,,Savings Bank,0,INR,TRANSFER,200,INR,Cash,200,INR,,
02-05-23,Glasses,Bills & Fees,Savings Bank,5,INR,EXPENSE,,,,,,,
02-05-23,Bus,Transport,Cash,10,INR,EXPENSE,,,,,,,
02-05-23,Bus,Transport,Cash,20,INR,EXPENSE,,,,,,,
02-05-23,,,Cash,10,INR,INCOME,,,,,,,
01-05-23,Bus,Transport,Cash,10,INR,EXPENSE,,,,,,,
01-05-23,Bus,Transport,Cash,10,INR,EXPENSE,,,,,,,
29-04-23,Baba,Bills & Fees,Savings Bank,"1,600.00",INR,EXPENSE,,,,,,,
29-04-23,Bus,Transport,Cash,10,INR,EXPENSE,,,,,,,
28-04-23,Baba,Bills & Fees,Cash,100,INR,INCOME,,,,,,,
28-04-23,Bus,Transport,Cash,10,INR,EXPENSE,,,,,,,
28-04-23,Bus: RtG,Transport,Cash,10,INR,EXPENSE,,,,,,,
28-04-23,AtR,Transport,Metro Card,35,INR,EXPENSE,,,,,,,
28-04-23,Bus,Transport,Cash,10,INR,EXPENSE,,,,,,,
28-04-23,Auto,Transport,Cash,20,INR,EXPENSE,,,,,,,
28-04-23,Auto,Transport,Cash,20,INR,EXPENSE,,,,,,,
27-04-23,Ice cream,Food & Drinks,Savings Bank,98,INR,EXPENSE,,,,,,,
27-04-23,Water,Food & Drinks,Savings Bank,30,INR,EXPENSE,,,,,,,
27-04-23,Fried rice,Food & Drinks,Cash,80,INR,EXPENSE,,,,,,,
27-04-23,Goli soda,Food & Drinks,Savings Bank,49,INR,EXPENSE,,,,,,,
27-04-23,Auto,Transport,Savings Bank,20,INR,EXPENSE,,,,,,,
27-04-23,Auto,Transport,Cash,20,INR,EXPENSE,,,,,,,
26-04-23,RtA,Transport,Metro Card,35,INR,EXPENSE,,,,,,,
26-04-23,Juice,Food & Drinks,Savings Bank,20,INR,EXPENSE,,,,,,,
26-04-23,Baba sent,,Savings Bank,"3,000.00",INR,INCOME,,,,,,,
26-04-23,Bus: RtG,Transport,Cash,10,INR,EXPENSE,,,,,,,
26-04-23,BtR,Transport,Metro Card,40,INR,EXPENSE,,,,,,,
26-04-23,Metro Recharge,Bills & Fees,Metro Card,200,INR,INCOME,,,,,,,
26-04-23,Metro recharge,Bills & Fees,Savings Bank,200,INR,EXPENSE,,,,,,,
25-04-23,RtA,Transport,Metro Card,31.5,INR,EXPENSE,,,,,,,
25-04-23,Burger AM,Food & Drinks,Savings Bank,99,INR,EXPENSE,,,,,,,
25-04-23,Bus: RtG,Transport,Cash,10,INR,EXPENSE,,,,,,,
25-04-23,AtR,Transport,Metro Card,35,INR,EXPENSE,,,,,,,
25-04-23,Stonks return,Bills & Fees,Savings Bank,130.64,INR,INCOME,,,,,,,
24-04-23,RtA,Transport,Metro Card,31.5,INR,EXPENSE,,,,,,,
24-04-23,Bus: GtR,Transport,Cash,10,INR,EXPENSE,,,,,,,
24-04-23,SQ bands,,Cash,5,INR,EXPENSE,,,,,,,
24-04-23,Bus: RtG,Transport,Cash,10,INR,EXPENSE,,,,,,,
24-04-23,AtR,Transport,Metro Card,35,INR,EXPENSE,,,,,,,
24-04-23,Water,Food & Drinks,Savings Bank,20,INR,EXPENSE,,,,,,,
24-04-23,Frooti,Food & Drinks,Savings Bank,30,INR,EXPENSE,,,,,,,
24-04-23,Water,Food & Drinks,Cash,30,INR,EXPENSE,,,,,,,
24-04-23,FAC,,Savings Bank,30,INR,EXPENSE,,,,,,,
24-04-23,Auto,Transport,Cash,20,INR,EXPENSE,,,,,,,
23-04-23,Shirt,Bills & Fees,Savings Bank,750,INR,EXPENSE,,,,,,,
23-04-23,TO TRANSFER INSUFFICIENT BAL POS DECLINE CHARGE,,Savings Bank,23.6,INR,EXPENSE,,,,,,,
22-04-23,Nidhish payup,Bills & Fees,Savings Bank,"1,551.00",INR,INCOME,,,,,,,
22-04-23,,Bills & Fees,Savings Bank,"1,109.00",INR,EXPENSE,,,,,,,
22-04-23,,Bills & Fees,Savings Bank,"1,398.00",INR,EXPENSE,,,,,,,
22-04-23,,Transport,Cash,20,INR,EXPENSE,,,,,,,
22-04-23,Mobile,Bills & Fees,Savings Bank,259,INR,EXPENSE,,,,,,,
22-04-23,Stonks,,Savings Bank,130,INR,EXPENSE,,,,,,,
22-04-23,Change,,Cash,7,INR,INCOME,,,,,,,
22-04-23,Sid returns,,Savings Bank,300,INR,INCOME,,,,,,,
22-04-23,Init,,Metro Card,139,INR,INCOME,,,,,,,
22-04-23,Init,,Savings Bank,"3,525.77",INR,INCOME,,,,,,,
22-04-23,Init,,Cash,250,INR,INCOME,,,,,,,
